Name,Age,mlbID,Lev,Tm,team_abbr,G,GS,W,SV,IP,H,ER,BB,SO,HR,ERA,WHIP,BF,SO/W,SB,PO,position,depth
Casey Lawrenc,38,596271,Maj-AL,minors,SEA (AAA),29,28,11,0,149.1,174,84,0,85,24,5.063,1.366,0,,0,0,P,
Aaron Wilkerso,36,658792,Maj-NL,minors,STL (AAA),29,29,7,0,152.2,135,66,0,118,27,3.891,1.081,0,,0,0,P,
Dakota Hudso,30,641712,Maj-AL,minors,LAA (AAA),28,24,8,0,136.0,193,101,0,89,22,6.684,1.794,0,,0,0,P,
Cole Irvi,32,608344,Maj-NL,minors,LAD (AAA),9,9,3,0,44.0,55,20,0,18,4,4.091,1.773,0,,0,0,P,
Thomas Hatc,31,641672,Maj-AL,minors,KCR (AAA),26,26,7,0,129.1,127,61,0,107,16,4.245,1.253,0,,0,0,P,
Shaun Anderso,31,641312,Maj-AL,minors,LAA (AAA),28,25,5,0,126.0,158,83,0,98,16,5.929,1.611,0,,0,0,P,
Alan Range,28,660604,Maj-NL,minors,PHI (AAA),32,31,7,0,161.1,157,75,0,165,33,4.184,1.302,0,,0,0,P,
Darren McCaugha,30,670766,Maj-AL,minors,MIN (AAA),34,18,9,0,131.1,158,86,0,130,27,5.893,1.515,0,,0,0,P,
Tyler Ive,29,663959,Maj-AL,minors,HOU (AAA),27,25,4,0,122.0,134,79,0,102,18,5.828,1.639,0,,0,0,P,
Jhonathan D\xc3\xada,29,646242,Maj-AL,minors,SEA (AAA),36,34,14,0,172.0,206,91,0,147,25,4.762,1.424,0,,0,0,P,
Bruce Zimmerman,31,669145,Maj-NL,minors,MIL (AAA),36,29,14,2,178.1,185,83,0,160,26,4.189,1.256,0,,0,0,P,
Bryan Sammon,31,676614,Maj-AL,minors,DET (AAA),9,7,0,0,41.0,39,22,0,35,8,4.829,1.415,0,,0,0,P,
Thaddeus War,28,663658,Maj-AL,minors,BAL (AAA),32,23,9,0,119.2,125,71,0,131,11,5.34,1.83,0,,0,0,P,
Michael Plassmeye,29,674681,Maj-AL,minors,TEX (AAA),41,17,12,0,123.1,108,55,0,116,19,4.014,1.224,0,,0,0,P,
Randy Dobna,31,677976,Maj-AL,minors,DET (AAA),33,25,4,0,134.2,149,83,0,107,16,5.547,1.582,0,,0,0,P,
Adam Kloffenstei,25,680572,Maj-AL,minors,"TOR (A,AAA,CPX)",28,25,3,1,118.1,121,71,0,130,26,5.4,1.513,0,,0,0,P,
Blas Casta\xc3\xb1,27,680604,Maj-AL,minors,SEA (AAA),42,24,13,0,143.0,133,75,0,109,15,4.72,1.336,0,,0,0,P,
Sam Aldegher,24,691951,Maj-AL,minors,"LAA (AA,AAA)",30,30,10,0,163.2,155,80,0,138,18,4.399,1.399,0,,0,0,P,
Trevor McDonal,25,686790,Maj-NL,minors,SFG (AAA),34,28,10,0,157.1,152,93,0,156,22,5.32,1.456,0,,0,0,P,
Jose Franc,25,683742,Maj-NL,minors,"CIN (AA,AAA)",35,28,10,1,122.0,97,47,0,135,15,3.467,1.27,0,,0,0,P,
Davis Danie,29,669721,Maj-NL,minors,ATL (AAA),34,26,11,0,148.2,139,85,0,130,22,5.146,1.332,0,,0,0,P,
Logan Alle,27,671106,Maj-AL,minors,CLE (AAA),7,7,2,0,34.1,32,17,0,41,4,4.456,1.427,0,,0,0,P,
Dax Fulto,24,690978,Maj-NL,minors,"MIA (AA,AAA)",31,28,7,0,128.2,139,83,0,144,10,5.806,1.648,0,,0,0,P,
Wilber Dote,23,696062,Maj-NL,minors,"PIT (AA,AAA)",32,31,9,0,147.1,138,72,0,152,17,4.398,1.29,0,,0,0,P,
Walbert Uren,22,700712,Maj-AL,minors,"LAA (AA,AAA)",30,30,6,0,149.1,128,74,0,132,9,4.46,1.373,0,,0,0,P,
Jackson Wol,27,680232,Maj-NL,minors,"SDP (AA,AAA)",38,32,10,0,157.2,162,90,0,166,19,5.137,1.395,0,,0,0,P,
Andrew Alvare,27,674841,Maj-NL,minors,WSN (AAA),32,32,5,0,157.0,144,76,0,159,20,4.357,1.35,0,,0,0,P,
Tyler Uberstin,27,700413,Maj-AL,minors,"BOS (AA,AAA)",28,22,6,1,130.1,117,51,0,146,18,3.522,1.258,0,,0,0,P,
Chase Pett,23,695534,Maj-NL,minors,CIN (AAA),33,33,8,0,141.0,151,95,0,132,20,6.064,1.582,0,,0,0,P,
Mason Blac,26,696131,Maj-NL,minors,SFG (AAA),40,24,3,2,136.0,128,83,0,124,17,5.493,1.449,0,,0,0,P,
Victor Medero,25,682989,Maj-AL,minors,"LAA (A+,AAA)",28,23,8,0,127.1,123,52,0,106,9,3.675,1.359,0,,0,0,P,
Jake Palisc,27,669449,Maj-AL,minors,CHW (AA),36,20,9,0,139.0,120,40,0,86,7,2.59,1.137,0,,0,0,P,
Carson Whisenhun,25,687931,Maj-NL,minors,SFG (AAA),30,29,12,0,150.0,149,71,0,141,14,4.26,1.353,0,,0,0,P,
Mason Barnet,25,686930,Maj-AL,minors,OAK (AAA),31,29,8,0,148.1,148,91,0,156,21,5.521,1.53,0,,0,0,P,
JR Ritchi,23,702275,Maj-NL,minors,"ATL (A+,AA,AAA)",31,31,11,0,167.1,102,44,0,168,13,2.367,1.01,0,,0,0,P,
Elmer Rodr\xc3\xadgue,22,695684,Maj-AL,minors,"NYY (A+,AA,AAA)",32,31,12,0,176.0,122,47,0,202,4,2.403,1.068,0,,0,0,P,
Duncan Davit,26,701474,Maj-AL,minors,"TBR (AA,AAA)",36,34,7,0,175.0,166,92,0,180,25,4.731,1.269,0,,0,0,P,
Robby Snellin,22,702281,Maj-NL,minors,"MIA (AA,AAA)",31,31,12,0,165.0,123,44,0,210,12,2.4,1.073,0,,0,0,P,
Tyler Schweitze,25,805326,Maj-AL,minors,"CHW (AA,AAA)",36,11,9,0,121.1,109,58,0,102,15,4.302,1.269,0,,0,0,P,
Riley Corneli,26,683000,Maj-NL,minors,"WSN (A+,AA,AAA)",34,32,10,0,165.1,121,62,0,180,17,3.375,1.155,0,,0,0,P,
Thomas Harringto,24,802419,Maj-NL,minors,PIT (AAA),29,25,7,0,128.2,124,76,0,125,23,5.316,1.352,0,,0,0,P,
John Klei,24,804619,Maj-AL,minors,"MIN (AA,AAA)",39,22,8,0,131.0,119,66,0,157,18,4.534,1.237,0,,0,0,P,
Jonah Ton,23,804636,Maj-NL,minors,"NYM (AA,AAA)",31,31,11,0,151.2,86,42,0,234,10,2.492,1.035,0,,0,0,P,
Brendan Bec,27,694341,Maj-AL,minors,"NYY (AA,AAA)",34,32,16,0,174.0,138,70,0,169,21,3.621,1.052,0,,0,0,P,
George Klasse,24,691946,Maj-AL,minors,"LAA (AA,AAA)",30,30,4,0,130.2,140,76,0,149,9,5.235,1.515,0,,0,0,P,
Mitch Farri,25,815083,Maj-AL,minors,"LAA (AA,AAA)",26,25,3,0,126.2,126,59,0,155,11,4.192,1.468,0,,0,0,P,
Trey Gibso,24,694346,Maj-AL,minors,"BAL (A+,AA,AAA)",33,32,7,0,149.0,134,69,0,196,16,4.168,1.295,0,,0,0,P,
Brandon Sproa,24,687075,Maj-NL,minors,NYM (AAA),26,25,8,0,121.0,97,57,0,113,9,4.24,1.24,0,,0,0,P,
Dylan Fil,30,668766,Maj-AL,minors,"SEA (AA,AAA)",35,30,12,0,164.2,169,81,0,123,14,4.427,1.312,0,,0,0,P,
Bryce Conle,31,676785,Maj-NL,minors,"WSN (AA,AAA)",31,28,6,0,149.1,135,79,0,132,26,4.761,1.313,0,,0,0,P,
Gabe Mosse,30,682077,Maj-NL,minors,"PHI (AA,AAA)",34,32,8,0,172.1,171,94,0,159,28,4.909,1.352,0,,0,0,P,
Sean Boyl,29,682044,Maj-AL,minors,NYY (AAA),37,26,12,1,164.1,159,96,0,144,19,5.258,1.357,0,,0,0,P,
Carlos Pe\xc3\xb1,27,685329,Maj-AL,minors,"DET (AA,AAA)",35,24,11,2,140.1,123,52,0,130,12,3.335,1.105,0,,0,0,P,
Hancel Rinco,24,684516,Maj-NL,minors,"STL (A+,AA,AAA)",30,20,4,0,119.1,116,58,0,137,14,4.374,1.316,0,,0,0,P,
Chase Solesk,28,686678,Maj-NL,minors,"WSN (A,AAA)",33,30,9,0,142.1,160,85,0,131,21,5.375,1.525,0,,0,0,P,
Richard Gallard,24,682620,Maj-AL,minors,TOR (AA),7,7,3,0,34.0,25,9,0,29,2,2.382,0.941,0,,0,0,P,
Blake Townsen,25,678620,Maj-NL,minors,"PIT (A+,AA,AAA)",40,18,9,1,119.1,99,33,0,106,12,2.489,1.14,0,,0,0,P,
Chase Chane,26,681116,Maj-AL,minors,"MIN (A+,AA)",32,26,8,1,149.2,156,65,0,111,15,3.909,1.323,0,,0,0,P,
Ben Anderso,28,670391,Maj-AL,minors,"TEX (AA,AAA)",33,26,5,0,132.0,152,85,0,83,17,5.795,1.598,0,,0,0,P,
Seth Shuma,28,670234,Maj-NL,minors,"WSN (AA,AAA)",49,17,7,1,127.0,148,86,0,116,23,6.094,1.425,0,,0,0,P,
Evan Fittere,26,683157,Maj-NL,minors,"MIA (AA,AAA)",42,17,7,1,122.0,105,44,0,118,6,3.246,1.32,0,,0,0,P,
Nestor Loran,24,686544,Maj-NL,minors,CIN (A+),31,29,4,1,134.0,142,74,0,141,15,4.97,1.485,0,,0,0,P,
Avery Shor,25,683008,Maj-NL,minors,"ARI (AA,AAA)",28,28,5,0,123.0,120,63,0,88,19,4.61,1.366,0,,0,0,P,
Alexander Corniell,23,529017,Maj-NL,minors,"MIL (AA,AAA)",29,29,5,0,137.0,116,58,0,135,15,3.81,1.365,0,,0,0,P,
Tyler Schlaffe,25,690370,Maj-NL,minors,"CHC (A+,AA)",27,27,7,0,123.2,97,55,0,128,11,4.003,1.278,0,,0,0,P,
Garrett Stalling,28,668831,Maj-NL,minors,MIL (AAA),38,20,7,0,125.2,124,56,0,94,10,4.011,1.257,0,,0,0,P,
Marco Ray,23,694397,Maj-AL,minors,MIN (AAA),44,20,4,2,120.0,125,83,0,123,21,6.225,1.608,0,,0,0,P,
Po-Yu Che,24,696040,Maj-NL,minors,"PIT (AA,AAA)",35,31,6,0,133.0,139,81,0,112,16,5.481,1.534,0,,0,0,P,
CJ Van Ey,27,669310,Maj-AL,minors,"TOR (AA,AAA)",34,31,7,1,157.2,160,78,0,139,21,4.452,1.421,0,,0,0,P,
Grant Judkin,27,680420,Maj-AL,minors,OAK (A+),24,24,8,0,123.2,123,65,0,103,20,4.73,1.334,0,,0,0,P,
Adam Seminari,27,694372,Maj-AL,minors,SEA (AA),31,29,9,0,160.0,150,53,0,142,8,2.981,1.225,0,,0,0,P,
Victor Lizarrag,22,694205,Maj-NL,minors,"SDP (AA,AAA)",34,30,7,0,125.0,128,85,0,108,12,6.12,1.664,0,,0,0,P,
D.J. McCart,23,695769,Maj-AL,minors,TEX (A+),28,22,2,0,105.2,109,59,0,116,7,5.025,1.59,0,,0,0,P,
Aaron Roze,30,702065,Maj-AL,minors,"MIN (AA,AAA)",40,13,6,2,128.0,142,58,0,119,17,4.078,1.422,0,,0,0,P,
Josh Stepha,24,695776,Maj-AL,minors,"TEX (AA,AAA)",33,30,9,0,146.2,157,75,0,139,22,4.602,1.35,0,,0,0,P,
Jose Acun,23,691641,Maj-NL,minors,CIN (AA),26,26,8,0,111.2,89,46,0,112,13,3.707,1.29,0,,0,0,P,
Aidan Curr,23,695778,Maj-AL,minors,"TEX (A+,CPX)",28,23,6,1,109.2,95,48,0,149,15,3.939,1.404,0,,0,0,P,
Jose Gonzale,24,683681,Maj-AL,minors,"TEX (A+,AA)",30,29,8,0,151.1,137,54,0,153,11,3.211,1.17,0,,0,0,P,
Alberto Pachec,23,691436,Maj-NL,minors,"COL (A+,AA)",37,23,7,0,128.2,153,102,0,107,21,7.135,1.749,0,,0,0,P,
Jean Cabrer,24,691893,Maj-NL,minors,"PHI (AA,AAA)",33,33,7,0,165.0,146,87,0,148,14,4.745,1.376,0,,0,0,P,
Roque Gutierre,23,692262,Maj-NL,minors,"LAD (A+,AA)",33,13,10,1,114.2,115,64,0,116,20,5.023,1.456,0,,0,0,P,
Rayner Castill,22,698982,Maj-AL,minors,DET (A+),31,29,5,0,122.0,123,76,0,99,19,5.607,1.484,0,,0,0,P,
Antwone Kell,22,699008,Maj-NL,minors,"PIT (A+,AA,AAA)",33,32,5,0,143.1,119,58,0,145,15,3.642,1.186,0,,0,0,P,
Joel D\xc3\xada,22,699309,Maj-NL,minors,NYM (A+),32,23,5,0,134.1,140,71,0,125,11,4.757,1.429,0,,0,0,P,
Miguel Mende,23,700280,Maj-NL,minors,"SDP (A,A+,AA)",26,26,9,0,111.2,86,40,0,135,7,3.224,1.227,0,,0,0,P,
Yorman G\xc3\xb3me,22,691414,Maj-AL,minors,"CLE (A+,AA)",27,15,12,3,121.2,93,40,0,139,4,2.959,1.159,0,,0,0,P,
Darlin Saladi,23,692404,Maj-NL,minors,"STL (A+,AA)",36,13,5,2,109.1,103,63,0,103,8,5.186,1.482,0,,0,0,P,
Estibenzon Jimene,24,693732,Maj-NL,minors,"PHI (A,A+,AA,CPX)",30,19,9,0,128.0,126,67,0,121,20,4.711,1.266,0,,0,0,P,
Gerardo Sala,23,692401,Maj-NL,minors,STL (A+),35,19,6,0,117.1,146,100,0,105,21,7.67,1.645,0,,0,0,P,
Marlon Franc,23,693812,Maj-NL,minors,SFG (CPX),17,5,4,0,57.1,76,32,0,54,5,5.023,1.622,0,,0,0,P,
Christian Romer,23,699071,Maj-NL,minors,"LAD (A+,AAA)",34,22,8,1,144.0,140,81,0,111,14,5.062,1.326,0,,0,0,P,
Keythel Ke,22,700322,Maj-AL,minors,"LAA (A+,AA)",39,18,8,0,120.2,121,81,0,138,15,6.041,1.666,0,,0,0,P,
Luis Gutierre,22,692294,Maj-NL,minors,"SDP (A,A+,AA,AAA)",28,24,6,0,137.0,114,51,0,128,9,3.35,1.182,0,,0,0,P,
Miguel Ullol,24,699044,Maj-AL,minors,HOU (AAA),36,31,8,1,145.0,101,70,0,170,11,4.345,1.4,0,,0,0,P,
Felix Arrond,23,702373,Maj-AL,minors,"KCR (A+,AA)",33,31,7,0,157.2,121,57,0,127,16,3.254,1.104,0,,0,0,P,
Henry Bae,23,692013,Maj-AL,minors,OAK (AA),24,24,5,0,111.1,82,33,0,105,4,2.668,1.06,0,,0,0,P,
Bryan Men,22,700167,Maj-NL,minors,"COL (A,A+)",36,23,3,0,131.1,156,83,0,118,13,5.688,1.736,0,,0,0,P,
Leandro Lope,24,699214,Maj-AL,minors,"TEX (A+,AA)",29,28,3,0,126.2,104,47,0,142,10,3.339,1.287,0,,0,0,P,
Bryan Polanc,24,702877,Maj-NL,minors,"WSN (A,A+)",31,29,8,0,137.1,129,67,0,119,21,4.391,1.333,0,,0,0,P,
Ismael Agred,22,697795,Maj-AL,minors,"TEX (A,A+)",30,25,4,1,110.2,76,40,0,134,8,3.253,1.202,0,,0,0,P,
Ryan Costei,25,695065,Maj-AL,minors,"LAA (A+,AA)",33,27,11,0,150.0,148,89,0,161,21,5.34,1.427,0,,0,0,P,
Logan Workma,27,694312,Maj-AL,minors,TBR (AAA),37,35,9,0,189.2,177,94,0,195,34,4.46,1.271,0,,0,0,P,
Brett Kerr,27,695049,Maj-AL,minors,"LAA (AAA,CPX)",34,29,9,0,149.2,194,126,0,119,34,7.577,1.69,0,,0,0,P,
Tanner McDouga,23,701780,Maj-AL,minors,"CHW (A+,AA,AAA)",34,34,3,0,137.1,114,49,0,163,9,3.211,1.282,0,,0,0,P,
Lael Lockhar,28,679712,Maj-AL,minors,"DET (A,A+,AA,AAA)",32,30,8,0,136.0,121,67,0,128,13,4.434,1.434,0,,0,0,P,
Aaron Davenpor,24,702126,Maj-AL,minors,"CLE (AA,AAA)",28,24,7,0,133.2,117,66,0,117,18,4.444,1.339,0,,0,0,P,
Mitch Brat,22,683352,Maj-AL,minors,"TEX (AA,AAA)",32,31,7,0,155.2,144,56,0,180,21,3.238,1.124,0,,0,0,P,
Michael Morale,23,691786,Maj-AL,minors,SEA (AA),29,29,5,0,127.2,127,65,0,94,8,4.582,1.418,0,,0,0,P,
Will Dio,26,702021,Maj-AL,minors,CLE (AAA),43,13,6,1,119.1,130,58,0,124,10,4.374,1.441,0,,0,0,P,
Seth Lonswa,27,675920,Maj-NL,minors,"SFG (AA,AAA)",35,34,5,0,159.2,160,73,0,139,11,4.115,1.516,0,,0,0,P,
Kevin Abe,27,674265,Maj-NL,minors,"CIN (AA,AAA)",34,32,7,0,157.2,130,79,0,156,14,4.51,1.37,0,,0,0,P,
Mike Parede,25,702474,Maj-AL,minors,"MIN (AA,AAA)",47,8,14,7,137.1,116,48,0,127,15,3.146,1.085,0,,0,0,P,
Jose Cabrer,24,703615,Maj-NL,minors,ARI (AA),32,32,9,0,164.1,172,85,0,150,20,4.655,1.387,0,,0,0,P,
Chandler Champlai,26,669441,Maj-AL,minors,KCR (AAA),36,30,7,0,151.1,182,115,0,124,23,6.839,1.579,0,,0,0,P,
Trenton Denhol,26,671143,Maj-AL,minors,"CLE (AA,AAA)",35,25,14,1,166.1,166,78,0,144,21,4.22,1.244,0,,0,0,P,
Tommy Mac,27,676390,Maj-AL,minors,"CLE (AA,AAA)",42,20,12,0,135.0,102,65,0,102,13,4.333,1.467,0,,0,0,P,
Garrett Burhen,25,696148,Maj-AL,minors,DET (AA),26,24,13,0,125.0,115,58,0,112,15,4.176,1.184,0,,0,0,P,
Chen Zhong-Ao Zhuan,25,800018,Maj-AL,minors,"OAK (AA,AAA)",36,34,8,0,186.1,197,90,0,176,31,4.347,1.315,0,,0,0,P,
Orlando Ortiz-May,28,689508,Maj-NL,minors,MIA (AA),31,26,6,0,119.1,101,62,0,116,11,4.676,1.483,0,,0,0,P,
Frank Mozzicat,23,700924,Maj-AL,minors,"KCR (A+,AA)",31,27,3,0,116.1,95,68,0,111,17,5.261,1.616,0,,0,0,P,
Shane Panzin,24,695556,Maj-AL,minors,"KCR (A+,AA,AAA)",38,19,9,1,129.1,131,65,0,134,21,4.523,1.5,0,,0,0,P,
Ryan Web,27,669067,Maj-AL,minors,CLE (AAA),36,29,8,0,148.2,140,85,0,143,16,5.146,1.547,0,,0,0,P,
Jose Monter,22,800017,Maj-NL,minors,"CIN (A+,AA)",30,29,7,0,121.1,121,63,0,99,10,4.673,1.442,0,,0,0,P,
Raimy Rodrigue,20,800321,Maj-AL,minors,"HOU (A,A+)",33,20,4,0,106.2,81,69,0,109,11,5.822,1.622,0,,0,0,P,
Victor Cabrej,24,800573,Maj-NL,minors,"PIT (A,A+)",32,18,9,0,124.0,113,51,0,67,12,3.702,1.258,0,,0,0,P,
Yenrri Roja,22,805060,Maj-NL,minors,"CHC (A,A+,AA,CPX)",27,24,6,0,119.0,101,47,0,102,6,3.555,1.235,0,,0,0,P,
Yunior Mart,22,805074,Maj-NL,minors,"SFG (A,A+)",30,26,7,0,130.0,93,40,0,122,5,2.769,1.031,0,,0,0,P,
Fernando Pere,22,800125,Maj-AL,minors,"TOR (A+,AA)",30,30,6,0,134.0,122,51,0,112,8,3.425,1.239,0,,0,0,P,
Enmanuel Pinale,24,800215,Maj-NL,minors,"SDP (A+,AA)",25,20,10,1,113.2,108,56,0,108,11,4.434,1.372,0,,0,0,P,
Franklyn Moret,22,802089,Maj-NL,minors,"MIA (A,DSL)",19,5,7,0,46.0,33,17,0,64,2,3.326,1.348,0,,0,0,P,
Yeriel Santo,22,802105,Maj-AL,minors,HOU (A+),31,20,3,2,120.2,129,97,0,107,19,7.235,1.707,0,,0,0,P,
Kevin Valde,24,703936,Maj-NL,minors,"CHC (A,A+)",28,19,5,0,114.1,116,55,0,95,8,4.329,1.618,0,,0,0,P,
Enrique Segur,21,800283,Maj-AL,minors,"TEX (A,A+,CPX)",28,24,3,0,112.0,92,60,0,114,10,4.821,1.223,0,,0,0,P,
Melkis Hern\xc3\xa1nde,21,800292,Maj-AL,minors,"CLE (A,A+)",32,22,10,0,139.2,117,56,0,145,10,3.609,1.36,0,,0,0,P,
Nelfy Ynfant,21,800295,Maj-NL,minors,"STL (A,AA)",33,13,5,4,109.2,107,55,0,100,11,4.514,1.459,0,,0,0,P,
Wande Torre,21,800485,Maj-NL,minors,"MIL (A,A+)",30,28,3,0,114.2,113,66,0,115,6,5.18,1.456,0,,0,0,P,
Andy Basor,21,800576,Maj-AL,minors,"KCR (A,CPX)",27,0,2,1,48.2,66,29,0,40,2,5.363,1.623,0,,0,0,P,
Eliazar Dishme,21,803244,Maj-NL,minors,"MIA (A,A+)",28,26,7,0,127.1,76,40,0,147,5,2.827,1.107,0,,0,0,P,
Cesar Perdom,24,702885,Maj-NL,minors,"SFG (A+,AA)",32,30,10,0,153.1,139,67,0,147,13,3.933,1.233,0,,0,0,P,
Marcos Herrer,21,800154,Maj-NL,minors,COL (A),29,27,6,0,128.2,126,71,0,131,15,4.966,1.547,0,,0,0,P,
Wellington Aracen,21,800286,Maj-AL,minors,"BAL (A,A+)",29,19,2,0,110.1,62,29,0,138,1,2.366,1.115,0,,0,0,P,
Leonel Sequer,20,800320,Maj-NL,minors,"STL (A,A+)",31,31,6,0,139.0,147,78,0,137,8,5.05,1.424,0,,0,0,P,
Luis Cohe,23,800324,Maj-AL,minors,"BOS (A,A+)",29,18,5,0,107.1,111,63,0,79,14,5.283,1.416,0,,0,0,P,
Yu-Min Li,22,801179,Maj-NL,minors,ARI (AAA),31,31,7,0,130.2,158,90,0,111,19,6.199,1.821,0,,0,0,P,
Walin Castill,21,801384,Maj-NL,minors,MIA (A),28,19,5,0,111.0,120,63,0,86,10,5.108,1.586,0,,0,0,P,
Luis De Le\xc3\xb3,23,801725,Maj-AL,minors,"BAL (A,A+,AA)",27,25,6,0,113.2,92,48,0,138,4,3.801,1.328,0,,0,0,P,
Manuel Rodrigue,20,804973,Maj-NL,minors,"MIL (A+,AA)",26,26,6,0,123.0,106,49,0,115,22,3.585,1.041,0,,0,0,P,
Manuel Pere,20,800207,Maj-AL,minors,OAK (CPX),16,11,1,0,57.1,79,44,0,51,3,6.907,1.797,0,,0,0,P,
Omar Gonzale,20,800439,Maj-AL,minors,NYY (CPX),13,10,2,0,53.0,28,22,0,54,5,3.736,1.17,0,,0,0,P,
Carlos Lagrang,23,801739,Maj-AL,minors,"NYY (A+,AA,AAA)",32,31,11,0,153.1,109,63,0,214,14,3.698,1.246,0,,0,0,P,
Hung-Leng Chan,24,800213,Maj-NL,minors,PIT (A+),32,27,6,1,127.2,138,80,0,112,21,5.64,1.386,0,,0,0,P,
Anthony Cru,23,800045,Maj-AL,minors,"HOU (A,A+)",31,11,8,2,121.1,106,63,0,122,12,4.673,1.418,0,,0,0,P,
Julio Mende,21,801249,Maj-NL,minors,MIA (A),27,25,7,0,113.2,90,45,0,127,5,3.563,1.276,0,,0,0,P,
Yeiber Cartay,23,805699,Maj-AL,minors,"BAL (A,A+)",31,20,4,1,129.1,75,44,0,156,4,3.062,1.191,0,,0,0,P,
Liomar Martine,21,801737,Maj-NL,minors,"MIA (A,A+)",28,26,6,0,123.1,90,54,0,154,10,3.941,1.241,0,,0,0,P,
Joel Hurtad,25,805871,Maj-AL,minors,"LAA (AA,AAA)",26,26,7,0,121.0,112,41,0,81,7,3.05,1.273,0,,0,0,P,
Daniel Guerr,22,806413,Maj-AL,minors,"TOR (A,A+)",29,20,5,2,113.1,85,44,0,122,12,3.494,1.253,0,,0,0,P,
Ian Meji,26,681256,Maj-NL,minors,"ATL (A+,AA,AAA)",33,20,12,2,146.2,121,54,0,125,17,3.314,1.18,0,,0,0,P,
John Michael Bertran,28,802609,Maj-NL,minors,"SFG (AA,AAA)",34,32,11,0,176.2,175,62,0,118,16,3.158,1.37,0,,0,0,P,
Michael Sanson,26,806333,Maj-AL,minors,"BOS (A,A+,AA,AAA)",34,10,5,3,115.2,108,47,0,101,13,3.657,1.15,0,,0,0,P,
Jacob Mille,22,702571,Maj-NL,minors,MIA (AA),29,28,4,0,145.1,132,73,0,131,11,4.521,1.369,0,,0,0,P,
Blake Adam,25,687060,Maj-NL,minors,COL (AA),38,16,7,0,117.2,111,66,0,105,18,5.048,1.215,0,,0,0,P,
Grant Kip,26,805990,Maj-NL,minors,CHC (AA),33,29,7,0,138.1,112,67,0,146,12,4.359,1.294,0,,0,0,P,
Devereaux Harriso,25,687288,Maj-AL,minors,"TOR (AA,AAA)",46,15,8,0,119.2,101,55,0,117,11,4.136,1.412,0,,0,0,P,
Marcus Johnso,25,687189,Maj-AL,minors,"TBR (A+,AA,AAA)",29,28,7,0,152.1,177,77,0,145,30,4.549,1.306,0,,0,0,P,
Kyle Luckha,26,680734,Maj-NL,minors,"WSN (AA,AAA)",35,32,7,0,175.1,198,88,0,129,14,4.517,1.449,0,,0,0,P,
Shane Murph,25,690294,Maj-AL,minors,"CHW (A+,AA,AAA)",33,30,13,0,174.2,138,45,0,129,16,2.319,0.979,0,,0,0,P,
Dylan Ra,25,691009,Maj-NL,minors,"ARI (AA,AAA)",33,33,13,0,164.0,175,99,0,141,30,5.433,1.445,0,,0,0,P,
Joe Mille,26,701464,Maj-AL,minors,"DET (A+,AA,AAA)",34,31,9,0,146.1,144,55,0,132,12,3.383,1.36,0,,0,0,P,
Chris Campo,25,702318,Maj-NL,minors,"LAD (AA,AAA)",30,23,8,1,132.1,132,65,0,117,17,4.421,1.254,0,,0,0,P,
Spencer Giestin,24,801517,Maj-NL,minors,"ARI (AA,AAA)",28,27,8,0,138.2,145,81,0,133,19,5.257,1.507,0,,0,0,P,
Jack Choat,25,805257,Maj-NL,minors,SFG (AA),38,24,9,0,121.0,103,44,0,147,13,3.273,1.388,0,,0,0,P,
David Davalill,25,699314,Maj-AL,minors,"TEX (A+,AA)",28,27,7,0,130.1,102,39,0,162,9,2.693,1.059,0,,0,0,P,
Dalton Roger,25,800059,Maj-AL,minors,"BOS (A+,AA)",26,19,6,0,118.0,91,39,0,139,4,2.975,1.339,0,,0,0,P,
Abraham Gaita,22,806675,Maj-NL,minors,"CIN (A,CPX)",23,0,6,2,48.2,50,27,0,46,10,4.993,1.336,0,,0,0,P,
Max Alb,26,681294,Maj-AL,minors,"DET (A,A+,AA)",29,23,2,0,113.2,113,58,0,99,15,4.592,1.258,0,,0,0,P,
Michael Proseck,25,687087,Maj-NL,minors,"COL (A+,AA)",30,27,11,0,130.2,112,60,0,127,13,4.133,1.347,0,,0,0,P,
Cameron Westo,25,687721,Maj-AL,minors,BAL (AAA),38,31,5,0,155.2,149,81,0,162,18,4.683,1.497,0,,0,0,P,
Trace Brigh,25,687238,Maj-AL,minors,"BAL (AA,AAA)",31,22,3,1,117.1,98,70,0,126,9,5.369,1.543,0,,0,0,P,
Ian Koeni,25,701617,Maj-NL,minors,"SDP (A+,AA)",28,28,6,0,136.0,141,81,0,95,25,5.36,1.338,0,,0,0,P,
Brandon Whit,26,681449,Maj-NL,minors,"MIA (A+,AA)",29,17,8,1,119.0,109,52,0,104,8,3.933,1.168,0,,0,0,P,
Ryan Ramse,25,687547,Maj-AL,minors,"KCR (AA,AAA)",35,27,8,1,148.1,162,96,0,143,19,5.825,1.571,0,,0,0,P,
Adam Serwinowsk,22,703445,Maj-NL,minors,"LAD (A+,AA)",32,31,6,0,136.1,131,76,0,170,17,5.017,1.504,0,,0,0,P,
Karson Milbrand,22,703596,Maj-NL,minors,"MIA (A,A+,AA)",28,28,5,0,120.1,85,35,0,153,6,2.618,1.205,0,,0,0,P,
Gabriel Hughe,24,687312,Maj-NL,minors,"COL (AA,AAA,CPX)",30,28,5,0,130.1,132,73,0,120,15,5.041,1.35,0,,0,0,P,
Trystan Vrielin,25,801639,Maj-AL,minors,"NYY (A,AA,CPX)",28,26,3,0,113.2,112,54,0,115,11,4.276,1.408,0,,0,0,P,
Brycen Maut,24,802408,Maj-NL,minors,"STL (AA,AAA)",33,33,8,0,151.0,121,50,0,172,17,2.98,1.166,0,,0,0,P,
Connor Stain,25,688422,Maj-NL,minors,COL (AA),31,30,5,0,131.0,120,73,0,113,18,5.015,1.473,0,,0,0,P,
Max Rajci,24,691008,Maj-NL,minors,"STL (AA,AAA)",41,28,6,2,144.2,152,71,0,130,17,4.417,1.479,0,,0,0,P,
Pete Hanse,25,677337,Maj-NL,minors,"STL (A,AA,AAA)",32,32,8,0,159.1,156,70,0,142,12,3.954,1.268,0,,0,0,P,
Chris McElvai,25,687226,Maj-AL,minors,"TOR (A,A+,AA,CPX)",27,27,2,0,109.1,107,52,0,98,11,4.28,1.372,0,,0,0,P,
Trey Dombrosk,25,690667,Maj-AL,minors,"HOU (AA,AAA)",35,24,9,0,143.0,116,66,0,140,11,4.154,1.287,0,,0,0,P,
Connor Nolan,26,690939,Maj-NL,minors,CHC (AAA),35,30,11,0,169.1,172,87,0,137,20,4.624,1.453,0,,0,0,P,
Joey Mancin,26,686223,Maj-AL,minors,"HOU (AA,AAA)",38,15,1,1,144.2,146,78,0,116,17,4.853,1.445,0,,0,0,P,
Isaiah Low,23,702584,Maj-NL,minors,SDP (A+),30,26,4,0,114.0,134,75,0,93,12,5.921,1.746,0,,0,0,P,
Austin Peterso,26,804926,Maj-AL,minors,"CLE (AA,AAA)",31,29,8,0,156.1,138,54,0,137,16,3.109,1.158,0,,0,0,P,
Jagger Hayne,23,695247,Maj-NL,minors,SDP (AA),33,32,3,0,137.2,113,65,0,132,15,4.249,1.366,0,,0,0,P,
Adam Maie,24,683264,Maj-NL,minors,"ATL (A+,AAA)",29,26,5,0,121.1,119,75,0,100,13,5.563,1.426,0,,0,0,P,
Jackson Ferri,22,701328,Maj-NL,minors,"LAD (AA,AAA)",32,30,10,0,149.0,150,73,0,147,12,4.409,1.544,0,,0,0,P,
Jackson Co,22,702484,Maj-NL,minors,"COL (A,A+)",30,29,6,0,120.1,104,49,0,137,19,3.665,1.188,0,,0,0,P,
Henry William,24,689275,Maj-AL,minors,"KCR (AA,AAA)",30,28,7,1,150.2,156,78,0,130,18,4.659,1.407,0,,0,0,P,
Hunter Patteso,26,687593,Maj-AL,minors,"KCR (A+,AA)",31,27,11,1,143.0,120,56,0,127,17,3.524,1.21,0,,0,0,P,
Gary Gill Hil,21,804541,Maj-AL,minors,"TBR (A+,AA)",32,32,11,0,174.0,167,77,0,141,23,3.983,1.19,0,,0,0,P,
Gilberto Batist,21,807625,Maj-AL,minors,"TOR (A,A+)",30,9,6,0,107.2,124,68,0,99,18,5.684,1.533,0,,0,0,P,
Wilkin Parede,22,808051,Maj-NL,minors,"ARI (A,A+)",27,27,8,0,132.1,140,62,0,78,16,4.217,1.451,0,,0,0,P,
Dylan Wilso,20,808511,Maj-AL,minors,SEA (CPX),13,10,1,0,54.1,53,32,0,46,4,5.301,1.454,0,,0,0,P,
Jeremy Reye,20,808512,Maj-NL,minors,"ATL (A,A+)",25,25,4,0,108.0,74,40,0,109,3,3.333,1.352,0,,0,0,P,
Francis Texid,21,809814,Maj-AL,minors,"LAA (A,A+,AAA)",37,20,4,0,122.2,107,78,0,122,9,5.723,1.736,0,,0,0,P,
Clevari Tejad,21,814136,Maj-NL,minors,PIT (A),30,26,4,1,106.0,84,54,0,88,4,4.585,1.283,0,,0,0,P,
Yeferson Varga,21,814279,Maj-AL,minors,"LAA (A,A+)",32,32,10,0,142.0,137,75,0,116,9,4.754,1.507,0,,0,0,P,
Yunior Tu,26,814305,Maj-AL,minors,"OAK (A+,AA,AAA)",42,27,5,0,143.2,119,53,0,154,8,3.32,1.281,0,,0,0,P,
Mavis Grave,22,703496,Maj-NL,minors,PHI (A+),27,27,7,0,102.2,89,48,0,137,9,4.208,1.422,0,,0,0,P,
Nolan Perr,22,804526,Maj-AL,minors,"TOR (A,A+)",7,6,1,0,31.0,14,5,0,50,2,1.452,0.774,0,,0,0,P,
Ismael Cabra,21,806706,Maj-AL,minors,TBR (DSL),12,8,1,0,47.0,48,25,0,37,3,4.787,1.596,0,,0,0,P,
Josnier Parr,24,807206,Maj-AL,minors,OAK (CPX),14,11,3,0,54.2,68,38,0,34,2,6.256,1.537,0,,0,0,P,
Carlos Castill,20,807962,Maj-NL,minors,"PIT (A,A+)",31,27,4,0,117.2,111,51,0,99,9,3.901,1.368,0,,0,0,P,
Leuris Portorrea,20,808224,Maj-NL,minors,"WSN (A,CPX)",19,14,0,1,67.0,79,36,0,47,7,4.836,1.493,0,,0,0,P,
Tzu-Chen Sh,22,809223,Maj-AL,minors,"OAK (A,A+)",30,23,5,2,127.0,125,69,0,103,14,4.89,1.307,0,,0,0,P,
Frenny Gran,22,814133,Maj-AL,minors,"DET (CPX,DSL)",16,12,3,0,51.2,41,20,0,53,3,3.484,1.297,0,,0,0,P,
Kohl Drak,25,684442,Maj-AL,minors,"TEX (AA,AAA)",28,27,7,0,122.0,112,71,0,133,19,5.238,1.311,0,,0,0,P,
Jackson Humphrie,21,703469,Maj-AL,minors,CLE (A+),32,32,1,0,120.0,84,65,0,138,14,4.875,1.575,0,,0,0,P,
Gage Stanife,22,804948,Maj-AL,minors,"TOR (A,A+,AA)",33,22,9,4,133.2,95,51,0,191,7,3.434,1.279,0,,0,0,P,
Melvin Hernande,18,808329,Maj-NL,minors,MIL (A),24,17,10,0,121.2,98,27,0,97,3,1.997,0.986,0,,0,0,P,
Luis Rodrigue,22,812160,Maj-AL,minors,"HOU (A,A+)",31,19,6,2,129.2,125,56,0,112,16,3.887,1.411,0,,0,0,P,
Junior Sanche,20,808087,Maj-NL,minors,"ARI (A,A+)",27,23,8,0,128.1,96,32,0,123,7,2.244,1.091,0,,0,0,P,
Jesus Escoba,20,808127,Maj-NL,minors,"ARI (A,CPX)",16,7,5,0,61.1,64,32,0,39,7,4.696,1.467,0,,0,0,P,
Miguel Toscan,20,808537,Maj-AL,minors,TBR (CPX),13,8,2,1,49.0,47,20,0,42,1,3.673,1.551,0,,0,0,P,
Irving Cot,22,806522,Maj-NL,minors,"NYM (A,A+,AA)",31,16,8,0,122.0,115,53,0,100,8,3.91,1.172,0,,0,0,P,
Jervis Alfar,22,807697,Maj-AL,minors,CLE (A),26,16,7,0,112.1,116,44,0,105,5,3.525,1.318,0,,0,0,P,
Eliezer Pen,20,807979,Maj-NL,minors,"COL (CPX,DSL)",13,8,0,0,49.0,40,26,0,63,1,4.776,1.388,0,,0,0,P,
Jhon Medin,20,808042,Maj-NL,minors,"COL (A,CPX)",21,12,6,0,67.2,65,44,0,64,4,5.852,1.64,0,,0,0,P,
Brayan Narvae,21,808352,Maj-NL,minors,"SFG (CPX,DSL)",15,11,1,0,51.2,37,18,0,46,2,3.135,0.987,0,,0,0,P,
Elier Morill,20,808497,Maj-NL,minors,"MIA (A,DSL)",20,9,4,1,52.0,34,17,0,96,1,2.942,1.212,0,,0,0,P,
Pedro Peralt,19,808155,Maj-NL,minors,"PHI (CPX,DSL)",15,12,0,0,50.0,41,32,0,43,4,5.76,1.56,0,,0,0,P,
Walter For,21,703609,Maj-AL,minors,"SEA (A,A+)",29,29,5,0,153.2,169,87,0,115,21,5.095,1.334,0,,0,0,P,
Jose Urbin,20,808250,Maj-AL,minors,"TBR (A,A+)",27,27,9,0,127.2,106,37,0,130,14,2.608,1.183,0,,0,0,P,
Mervin Fel,23,807818,Maj-NL,minors,ARI (A),27,24,6,0,106.0,97,60,0,109,5,5.094,1.491,0,,0,0,P,
Sann Omosak,20,808020,Maj-AL,minors,TOR (CPX),14,6,4,1,51.1,62,27,0,41,9,4.734,1.305,0,,0,0,P,
Joan Ogand,22,808010,Maj-AL,minors,"HOU (A,A+)",32,13,9,1,108.1,76,72,0,134,8,5.982,1.542,0,,0,0,P,
Abraham Parr,20,811600,Maj-NL,minors,"SDP (A,A+,CPX)",26,17,5,0,111.0,108,62,0,103,11,5.027,1.405,0,,0,0,P,
Francisco Pazo,20,802387,Maj-AL,minors,SEA (CPX),14,12,4,0,60.2,58,26,0,69,5,3.857,1.203,0,,0,0,P,
Roman Angel,26,809109,Maj-NL,minors,"ARI (AA,AAA)",35,29,7,0,150.0,145,93,0,148,27,5.58,1.533,0,,0,0,P,
Moises Morale,22,815473,Maj-AL,minors,"TEX (A,CPX)",20,5,6,0,70.1,62,31,0,75,4,3.967,1.194,0,,0,0,P,
Jason Savacoo,24,691013,Maj-NL,minors,"STL (A,A+,AAA)",32,20,7,1,116.0,100,43,0,106,11,3.336,1.302,0,,0,0,P,
Josh Bostic,23,701241,Maj-NL,minors,SFG (A+),24,23,9,0,119.0,97,49,0,139,21,3.706,1.143,0,,0,0,P,
Eric Yos,23,801293,Maj-NL,minors,"SDP (A+,AA)",32,29,5,1,152.2,131,62,0,146,9,3.655,1.362,0,,0,0,P,
Chris Clar,24,805363,Maj-AL,minors,"LAA (A,A+,AA,AAA)",36,30,4,0,171.0,165,88,0,179,18,4.632,1.298,0,,0,0,P,
K.C. Hun,25,687268,Maj-NL,minors,"MIL (AA,AAA)",33,28,9,0,141.0,132,75,0,137,20,4.787,1.333,0,,0,0,P,
Travis Sthel,23,691017,Maj-NL,minors,WSN (A+),23,22,7,0,138.2,130,65,0,82,10,4.219,1.111,0,,0,0,P,
Riley Gowen,26,803035,Maj-AL,minors,"CHW (AA,AAA)",40,27,8,1,154.0,131,59,0,172,13,3.448,1.208,0,,0,0,P,
Christian Oppo,21,803291,Maj-AL,minors,"CHW (A,A+,AA)",29,29,4,0,110.1,78,51,0,134,8,4.16,1.369,0,,0,0,P,
Ixan Henderso,23,809100,Maj-NL,minors,STL (AA),25,25,9,0,132.0,99,38,0,134,5,2.591,1.136,0,,0,0,P,
Nick Payer,25,809579,Maj-AL,minors,SEA (A+),23,16,5,0,107.1,105,55,0,99,18,4.612,1.425,0,,0,0,P,
Lucas Brau,24,814351,Maj-NL,minors,"ATL (AA,AAA)",34,33,9,0,183.1,157,77,0,170,23,3.78,1.129,0,,0,0,P,
Ryan Hawk,25,686470,Maj-AL,minors,"SEA (A+,AA)",29,27,12,0,149.1,144,63,0,117,15,3.797,1.272,0,,0,0,P,
Stu Flesland II,25,687317,Maj-NL,minors,"COL (A+,AAA)",36,11,4,0,115.2,101,49,0,104,15,3.813,1.159,0,,0,0,P,
Jake Bockensted,26,804728,Maj-AL,minors,"CHW (A+,AA)",37,18,7,0,117.2,119,69,0,110,9,5.278,1.428,0,,0,0,P,
Peyton Stumb,24,814482,Maj-NL,minors,"PIT (A,A+,AA)",32,27,1,0,117.1,119,59,0,101,12,4.526,1.355,0,,0,0,P,
Lucas Gordo,24,690981,Maj-AL,minors,"CHW (A+,AA)",32,32,5,0,146.1,109,65,0,157,16,3.998,1.155,0,,0,0,P,
TJ Nichol,24,694375,Maj-AL,minors,"TBR (A+,AA,CPX)",28,27,14,0,143.2,118,45,0,165,21,2.819,1.03,0,,0,0,P,
Sam Armstron,25,814098,Maj-NL,minors,CHC (AA),35,32,6,0,158.2,146,82,0,124,18,4.651,1.261,0,,0,0,P,
Luke Stofe,24,814477,Maj-AL,minors,"DET (A,A+,AA)",34,12,7,1,115.2,96,39,0,88,6,3.035,1.28,0,,0,0,P,
Tate Kuehne,25,804249,Maj-NL,minors,"MIL (AA,AAA)",30,29,8,0,146.1,128,56,0,153,12,3.444,1.374,0,,0,0,P,
Ty Langenber,24,807716,Maj-AL,minors,"MIN (A+,AA)",30,28,5,0,139.0,143,73,0,132,8,4.727,1.446,0,,0,0,P,
Zack Le,25,687033,Maj-AL,minors,"DET (A,A+,AA)",32,13,9,1,113.0,89,49,0,87,11,3.903,1.106,0,,0,0,P,
Blake Mone,23,690999,Maj-AL,minors,"BAL (A+,AA)",26,18,6,1,121.1,107,53,0,152,16,3.931,1.236,0,,0,0,P,
Joe Whitma,24,802126,Maj-NL,minors,SFG (AA),33,33,9,0,150.2,155,84,0,167,12,5.018,1.414,0,,0,0,P,
Andrew Sear,22,808825,Maj-AL,minors,"DET (A+,AA)",26,22,8,0,111.0,96,43,0,123,11,3.486,1.189,0,,0,0,P,
Corey Avan,24,813895,Maj-AL,minors,"OAK (A+,AA)",38,29,6,0,138.2,125,64,0,142,7,4.154,1.377,0,,0,0,P,
Hayden Minto,25,688354,Maj-AL,minors,"DET (A,A+)",30,25,9,0,129.0,105,50,0,130,14,3.488,1.101,0,,0,0,P,
Jack Mahone,24,694968,Maj-NL,minors,COL (AA),26,26,5,0,114.2,138,71,0,91,11,5.573,1.657,0,,0,0,P,
Sean Sulliva,23,807743,Maj-NL,minors,"COL (A,AA,AAA,CPX)",28,28,13,0,143.0,129,56,0,136,13,3.524,1.189,0,,0,0,P,
Ethan Bosacke,25,815073,Maj-AL,minors,"KCR (AA,AAA)",36,18,6,0,126.2,111,60,0,77,17,4.263,1.311,0,,0,0,P,
Matt Wilkinso,23,683363,Maj-AL,minors,"CLE (A+,AA)",32,32,6,0,137.1,117,54,0,159,14,3.539,1.245,0,,0,0,P,
Jake Brook,24,694860,Maj-NL,minors,"MIA (A+,AA)",30,30,8,0,149.2,150,72,0,138,11,4.33,1.209,0,,0,0,P,
Kade Morri,24,695034,Maj-AL,minors,"OAK (AA,AAA)",36,36,12,0,192.1,202,97,0,163,24,4.539,1.404,0,,0,0,P,
Nathan Dettme,24,700579,Maj-AL,minors,"OAK (A,A+)",32,26,8,0,143.0,169,81,0,121,11,5.098,1.552,0,,0,0,P,
Logan Marti,24,814803,Maj-AL,minors,"KCR (A+,AA)",28,26,10,0,113.2,91,44,0,100,9,3.484,1.188,0,,0,0,P,
Hayden Mullin,25,683093,Maj-AL,minors,"BOS (A+,AA)",28,26,10,0,129.1,76,36,0,165,8,2.505,1.098,0,,0,0,P,
Braydon Tucke,26,685319,Maj-NL,minors,"PHI (A+,AA)",29,22,8,0,136.0,111,45,0,107,7,2.978,1.154,0,,0,0,P,
Shane Rademache,25,815780,Maj-NL,minors,"SFG (A+,AA)",37,21,8,0,142.2,139,63,0,96,27,3.974,1.248,0,,0,0,P,
Owen Wil,23,801643,Maj-AL,minors,TBR (AA),36,23,8,4,121.1,112,60,0,122,16,4.451,1.294,0,,0,0,P,
Jack Wenninge,24,811307,Maj-NL,minors,"NYM (AA,AAA)",33,33,15,0,169.0,133,48,0,185,14,2.556,1.142,0,,0,0,P,
Patrick Cope,24,814527,Maj-NL,minors,"LAD (A+,AA)",34,34,7,0,154.2,115,65,0,201,6,3.782,1.442,0,,0,0,P,
Garrett Bauman,21,803833,Maj-NL,minors,"ATL (A+,AA)",30,30,8,0,144.2,150,68,0,135,17,4.23,1.382,0,,0,0,P,
Juaron Watts-Brow,24,695033,Maj-AL,minors,"BAL (A+,AA)",32,32,4,0,150.1,101,58,0,193,19,3.472,1.098,0,,0,0,P,
Ty Cumming,24,807744,Maj-AL,minors,"TBR (AA,AAA)",37,20,9,0,135.2,129,51,0,107,19,3.383,1.275,0,,0,0,P,
Brett Wichrowsk,23,814489,Maj-NL,minors,MIL (AA),29,26,6,0,130.0,130,63,0,105,13,4.362,1.431,0,,0,0,P,
Quinn Mathew,25,687273,Maj-NL,minors,"STL (A,AAA,CPX)",31,31,5,0,125.0,101,57,0,151,12,4.104,1.576,0,,0,0,P,
Ty Johnso,24,694494,Maj-AL,minors,"TBR (AA,AAA)",28,22,7,0,117.2,72,32,0,160,5,2.448,0.96,0,,0,0,P,
Noah Hal,25,801801,Maj-NL,minors,NYM (A+),32,28,5,1,142.2,112,53,0,148,10,3.343,1.36,0,,0,0,P,
Alex Clemme,20,806046,Maj-NL,minors,"WSN (A+,AA)",32,32,8,0,139.2,105,60,0,165,14,3.866,1.461,0,,0,0,P,
Jacob Crave,24,814837,Maj-AL,minors,"BAL (A,A+)",34,10,6,1,105.0,80,36,0,91,9,3.086,1.238,0,,0,0,P,
Chuck Kin,28,666155,Maj-NL,minors,"PHI (AA,AAA)",32,30,9,0,154.1,177,80,0,132,19,4.665,1.458,0,,0,0,P,
Levi Well,24,694370,Maj-AL,minors,"BAL (AA,AAA)",32,28,4,2,127.2,118,51,0,129,10,3.595,1.308,0,,0,0,P,
Kyle Car,24,694805,Maj-AL,minors,"NYY (A+,AA)",31,31,10,0,161.0,128,59,0,151,10,3.298,1.211,0,,0,0,P,
Ryan Birchar,22,804670,Maj-NL,minors,"MIL (A+,AA)",34,24,5,0,124.2,77,50,0,149,7,3.61,1.412,0,,0,0,P,
Trent Seller,26,815587,Maj-AL,minors,NYY (AA),28,28,3,0,121.2,113,64,0,148,15,4.734,1.471,0,,0,0,P,
Khristian Curti,24,694753,Maj-NL,minors,"PIT (A+,AA)",35,34,8,0,145.2,122,68,0,163,18,4.201,1.263,0,,0,0,P,
Josh Gros,23,701056,Maj-NL,minors,"COL (A+,AA)",30,29,6,0,149.2,131,77,0,174,16,4.63,1.31,0,,0,0,P,
Michael Forre,22,702650,Maj-AL,minors,"BAL (A+,AA)",26,25,6,0,111.2,60,20,0,131,8,1.612,0.86,0,,0,0,P,
Kenten Egber,24,687881,Maj-NL,minors,"CHC (A+,AAA)",32,18,7,1,117.0,138,62,0,73,10,4.769,1.419,0,,0,0,P,
Will Sander,24,691739,Maj-NL,minors,"CHC (AA,AAA)",30,26,12,0,138.2,148,80,0,143,19,5.192,1.435,0,,0,0,P,
Brody Hopkin,24,811315,Maj-AL,minors,"TBR (AA,AAA)",33,33,5,0,151.2,111,50,0,181,10,2.967,1.332,0,,0,0,P,
Nestor Germa,24,815148,Maj-AL,minors,"BAL (A+,AA,AAA)",34,33,7,0,159.1,133,69,0,190,14,3.897,1.236,0,,0,0,P,
Grant Roger,25,814804,Maj-AL,minors,"TOR (A+,AA,AAA)",36,36,12,0,183.2,188,80,0,136,15,3.92,1.301,0,,0,0,P,
Steven Echavarri,20,806064,Maj-AL,minors,OAK (A+),33,32,4,0,137.0,134,72,0,117,10,4.73,1.401,0,,0,0,P,
Hiro Wyat,21,702965,Maj-AL,minors,KCR (A),27,26,3,0,104.0,109,48,0,101,8,4.154,1.452,0,,0,0,P,
Trevor Harriso,20,807314,Maj-AL,minors,"TBR (A,A+)",28,28,8,0,130.0,104,45,0,127,8,3.115,1.308,0,,0,0,P,
Wyatt Crowel,24,694573,Maj-NL,minors,"LAD (A+,AA)",31,24,6,2,121.0,85,52,0,144,8,3.868,1.438,0,,0,0,P,
Luke Fo,24,803183,Maj-NL,minors,"LAD (A+,AA)",26,25,5,0,117.2,83,36,0,133,8,2.754,1.198,0,,0,0,P,
Ricky Castr,26,690462,Maj-AL,minors,"MIN (AA,AAA)",38,16,5,2,117.2,127,71,0,118,17,5.431,1.428,0,,0,0,P,
Efrailin Ramo,20,820889,Maj-AL,minors,"TBR (CPX,DSL)",15,7,1,0,57.2,43,20,0,60,1,3.121,1.075,0,,0,0,P,
Joel Cru,22,816144,Maj-NL,minors,"LAD (CPX,DSL)",15,13,0,0,54.0,54,23,0,52,3,3.833,1.296,0,,0,0,P,
Jean Roble,19,821005,Maj-NL,minors,"WSN (CPX,DSL)",14,11,3,1,46.0,34,25,0,47,3,4.891,1.391,0,,0,0,P,
Marlon De La Cru,20,821023,Maj-NL,minors,"WSN (CPX,DSL)",14,13,2,0,53.2,50,25,0,59,2,4.193,1.547,0,,0,0,P,
Delni Urib,18,821093,Maj-AL,minors,CLE (DSL),11,10,0,1,46.0,37,22,0,25,0,4.304,1.196,0,,0,0,P,
Alejandro River,19,821122,Maj-AL,minors,"CLE (CPX,DSL)",13,12,1,0,51.1,36,7,0,44,1,1.227,1.11,0,,0,0,P,
Edgar Gallego,20,823735,Maj-AL,minors,"TOR (CPX,DSL)",13,11,4,0,51.0,51,20,0,43,3,3.529,1.216,0,,0,0,P,
Jose Feli,19,808243,Maj-NL,minors,WSN (CPX),14,13,2,0,61.1,57,15,0,51,2,2.201,1.125,0,,0,0,P,
Stharlin Torre,20,820941,Maj-NL,minors,"CIN (A,CPX)",14,10,0,0,57.0,49,25,0,60,7,3.947,1.105,0,,0,0,P,
Fabian Gallard,20,821142,Maj-AL,minors,"LAA (CPX,DSL)",14,11,4,0,57.2,61,35,0,44,1,5.462,1.595,0,,0,0,P,
Rubender Pen,21,823214,Maj-AL,minors,"TBR (CPX,DSL)",12,11,1,0,55.1,41,21,0,52,1,3.416,1.211,0,,0,0,P,
Javier Pere,22,823649,Maj-AL,minors,"HOU (A,CPX)",26,14,10,0,106.1,85,31,0,112,10,2.624,0.969,0,,0,0,P,
Esteban Lun,19,823718,Maj-AL,minors,"BAL (CPX,DSL)",13,12,2,0,51.2,52,27,0,50,3,4.703,1.529,0,,0,0,P,
Salvador Casad,20,823883,Maj-AL,minors,"BAL (CPX,DSL)",14,12,0,0,49.1,38,20,0,45,0,3.649,1.439,0,,0,0,P,
Naimer Rosari,19,815946,Maj-NL,minors,"ARI (CPX,DSL)",14,12,5,0,62.1,42,24,0,67,2,3.465,0.963,0,,0,0,P,
Franco Zabalet,19,821032,Maj-AL,minors,"OAK (CPX,DSL)",13,8,4,0,58.2,36,8,0,55,1,1.227,0.886,0,,0,0,P,
Madinson Fria,21,821052,Maj-AL,minors,"BOS (A,CPX)",18,9,1,0,57.0,62,41,0,45,6,6.474,1.702,0,,0,0,P,
Darrel Luna,19,821188,Maj-NL,minors,WSN (CPX),14,10,1,0,45.2,49,25,0,47,3,4.927,1.599,0,,0,0,P,
Adrian Ardine,19,821593,Maj-AL,minors,"HOU (CPX,DSL)",15,5,6,3,50.1,36,12,0,67,2,2.146,0.874,0,,0,0,P,
Cristian Ara,19,821774,Maj-AL,minors,"SEA (CPX,DSL)",14,11,3,0,46.2,29,9,0,37,1,1.736,1.157,0,,0,0,P,
Carlos Rodrigue,20,823864,Maj-AL,minors,"DET (A,CPX,DSL)",14,13,3,0,51.0,57,31,0,47,5,5.471,1.431,0,,0,0,P,
Luis Burgo,20,827469,Maj-AL,minors,"NYY (A,DSL)",13,9,3,0,57.0,40,18,0,49,2,2.842,1.175,0,,0,0,P,
Miguel Flore,21,821793,Maj-AL,minors,"CLE (A,CPX)",22,8,5,2,61.1,52,37,0,72,6,5.429,1.484,0,,0,0,P,
Dony Aguiler,19,823865,Maj-NL,minors,"CIN (CPX,DSL)",16,9,7,1,66.0,45,16,0,58,4,2.182,1.015,0,,0,0,P,
Luis Ghisay,20,827114,Maj-NL,minors,"CHC (CPX,DSL)",13,12,1,0,49.1,45,28,0,52,5,5.108,1.257,0,,0,0,P,
Moises Castill,20,806876,Maj-NL,minors,CIN (DSL),13,10,2,0,51.1,40,20,0,58,2,3.506,1.286,0,,0,0,P,
Yermain Rui,20,815938,Maj-AL,minors,BOS (CPX),14,5,3,1,47.2,44,16,0,53,1,3.021,1.301,0,,0,0,P,
Bernardo River,21,815969,Maj-AL,minors,"TEX (CPX,DSL)",15,8,3,0,44.1,39,19,0,54,3,3.857,1.511,0,,0,0,P,
Xavier Lope,21,820931,Maj-AL,minors,"TBR (CPX,DSL)",12,11,3,0,48.1,27,11,0,45,3,2.048,0.993,0,,0,0,P,
Angel Peralt,19,821029,Maj-AL,minors,"HOU (CPX,DSL)",15,10,5,1,57.1,35,20,0,52,1,3.14,1.064,0,,0,0,P,
Angel Beltra,18,821063,Maj-NL,minors,"ARI (CPX,DSL)",12,11,2,0,50.0,30,19,0,39,0,3.42,1.4,0,,0,0,P,
Josue Toled,20,821125,Maj-NL,minors,"MIL (CPX,DSL)",15,4,2,2,46.0,44,22,0,51,3,4.304,1.565,0,,0,0,P,
Jose Parr,20,821280,Maj-AL,minors,"OAK (CPX,DSL)",13,9,3,0,51.1,32,17,0,61,1,2.981,1.13,0,,0,0,P,
Alexander Almont,19,823012,Maj-AL,minors,"NYY (CPX,DSL)",13,11,4,0,55.2,51,23,0,50,3,3.719,1.383,0,,0,0,P,
Gabriel Chinchill,19,820976,Maj-NL,minors,"STL (CPX,DSL)",14,10,3,0,54.0,61,31,0,57,2,5.167,1.611,0,,0,0,P,
Gilberto Lope,22,821595,Maj-AL,minors,"TEX (CPX,DSL)",13,8,2,0,53.0,45,22,0,60,3,3.736,1.226,0,,0,0,P,
Edelvis Pere,21,821821,Maj-AL,minors,"CLE (CPX,DSL)",14,14,0,0,46.0,32,24,0,52,3,4.696,1.413,0,,0,0,P,
Alexander Garci,18,824212,Maj-AL,minors,CLE (DSL),11,11,1,0,47.2,22,7,0,48,0,1.322,0.839,0,,0,0,P,
David Sanche,19,822691,Maj-NL,minors,"ARI (CPX,DSL)",14,10,2,0,57.1,57,39,0,47,7,6.122,1.36,0,,0,0,P,
JeanPierre Orti,22,701370,Maj-NL,minors,"CIN (A,A+)",32,16,11,0,121.0,106,46,0,113,10,3.421,1.256,0,,0,0,P,
Anthony Men,20,827768,Maj-AL,minors,NYY (DSL),12,2,4,0,45.2,43,16,0,57,5,3.153,1.292,0,,0,0,P,
Dylan DeLuci,25,690626,Maj-AL,minors,"CLE (A+,AA)",31,29,7,1,132.2,120,65,0,133,18,4.41,1.327,0,,0,0,P,
Garrett Edward,24,801435,Maj-AL,minors,"TBR (A+,AA)",29,29,5,0,140.0,108,50,0,128,16,3.214,1.043,0,,0,0,P,
Sterling Patic,21,814507,Maj-NL,minors,"LAD (A,A+)",32,28,2,0,122.1,114,56,0,141,9,4.12,1.406,0,,0,0,P,
Andrew Landr,24,815069,Maj-AL,minors,"NYY (A,A+,AA)",31,22,7,0,128.2,124,62,0,121,9,4.337,1.422,0,,0,0,P,
Juan Reye,21,808219,Maj-NL,minors,"WSN (CPX,DSL)",14,13,5,0,63.2,45,16,0,55,2,2.262,0.974,0,,0,0,P,
Marco Elusca,18,821644,Maj-NL,minors,SDP (DSL),12,11,3,0,47.0,45,29,0,58,4,5.553,1.468,0,,0,0,P,
Jhonan Cob,19,826173,Maj-AL,minors,"DET (CPX,DSL)",12,11,3,1,49.1,46,25,0,58,2,4.561,1.318,0,,0,0,P,
Diomer Gonzale,20,828307,Maj-AL,minors,OAK (DSL),10,7,4,0,44.1,30,11,0,37,1,2.233,0.925,0,,0,0,P,
Brad Pachec,21,814372,Maj-NL,minors,"PHI (A,CPX)",19,17,3,0,72.1,71,42,0,75,8,5.226,1.258,0,,0,0,P,
Deivi Villafan,23,812151,Maj-NL,minors,"CIN (A,CPX)",18,10,1,0,69.2,102,41,0,63,4,5.297,1.622,0,,0,0,P,
Anthony Astudill,20,828713,Maj-AL,minors,"TEX (CPX,DSL)",14,11,5,0,51.1,55,25,0,68,3,4.383,1.383,0,,0,0,P,
Evan Truit,23,822462,Maj-AL,minors,SEA (A+),28,25,6,0,126.0,133,65,0,96,22,4.643,1.46,0,,0,0,P,
Jacob Kroege,26,800811,Maj-NL,minors,"ATL (A,A+)",32,13,7,1,106.1,74,32,0,104,6,2.708,1.091,0,,0,0,P,
Jean Brit,20,808117,Maj-NL,minors,"NYM (CPX,DSL)",15,7,1,0,47.2,33,14,0,39,2,2.643,1.175,0,,0,0,P,
Owen Hackma,24,813706,Maj-NL,minors,"ATL (A,A+,AA)",31,19,6,1,115.2,113,46,0,122,12,3.579,1.193,0,,0,0,P,
Konner Eato,23,820825,Maj-NL,minors,"COL (A+,AA)",34,34,8,0,174.2,156,74,0,178,19,3.813,1.311,0,,0,0,P,
Connor Wietgref,24,809733,Maj-NL,minors,"PIT (A,A+,AA)",33,33,7,0,145.2,120,54,0,125,14,3.336,1.098,0,,0,0,P,
Caden Favor,24,801129,Maj-AL,minors,"CLE (A+,AA)",32,32,9,0,143.2,119,62,0,146,13,3.884,1.316,0,,0,0,P,
Peyton Olejni,23,803021,Maj-AL,minors,"LAA (A,A+)",30,30,7,0,152.1,147,74,0,151,10,4.372,1.457,0,,0,0,P,
Luke Hayde,23,695569,Maj-NL,minors,CIN (A+),27,27,5,0,112.1,92,52,0,90,8,4.166,1.54,0,,0,0,P,
Sam Highfil,25,687122,Maj-NL,minors,"PHI (A,A+)",30,26,6,0,127.1,127,68,0,107,20,4.806,1.343,0,,0,0,P,
Justin Sinibald,24,811958,Maj-AL,minors,"CHW (A,A+)",29,28,3,0,118.1,117,66,0,107,12,5.02,1.42,0,,0,0,P,
Kyle Robinso,22,701836,Maj-AL,minors,"OAK (A+,AA)",31,25,7,1,148.1,152,72,0,106,11,4.369,1.47,0,,0,0,P,
Evan Yate,23,696524,Maj-AL,minors,"BAL (A,A+,AA,AAA)",31,19,7,1,119.1,104,60,0,125,4,4.525,1.341,0,,0,0,P,
Reese Dutto,25,700848,Maj-NL,minors,"PHI (A,A+)",31,19,5,0,140.2,125,54,0,113,7,3.455,1.216,0,,0,0,P,
Tyson Hardi,24,824620,Maj-NL,minors,"MIL (A+,AA)",28,28,6,0,125.1,136,54,0,139,7,3.878,1.316,0,,0,0,P,
Brendan Girto,24,694858,Maj-NL,minors,"NYM (A+,AA)",32,28,4,0,115.1,82,42,0,131,6,3.277,1.231,0,,0,0,P,
Josh Randal,23,695620,Maj-NL,minors,"WSN (A,A+)",30,30,7,0,141.2,158,72,0,129,16,4.574,1.313,0,,0,0,P,
Mason Molin,22,695766,Maj-NL,minors,"STL (A,A+,AA)",30,29,5,0,125.1,96,46,0,157,10,3.303,1.237,0,,0,0,P,
Rafe Schlesinge,23,701178,Maj-AL,minors,"CLE (A,A+)",32,25,6,1,129.0,131,56,0,150,6,3.907,1.45,0,,0,0,P,
Herick Hernande,22,803349,Maj-NL,minors,"ATL (A+,AA)",27,26,3,0,123.0,83,45,0,156,16,3.293,1.325,0,,0,0,P,
Alexander Meckle,22,814384,Maj-NL,minors,"WSN (A,A+)",30,27,8,0,133.0,125,56,0,123,5,3.789,1.444,0,,0,0,P,
Will Watso,23,814492,Maj-NL,minors,"NYM (A,A+,AA)",34,29,3,1,141.1,114,54,0,161,11,3.439,1.302,0,,0,0,P,
Aidan Foelle,24,826538,Maj-NL,minors,"LAD (A,A+)",32,26,5,0,124.2,99,61,0,176,11,4.404,1.492,0,,0,0,P,
Josh Hartl,23,691776,Maj-AL,minors,"CLE (A+,AA)",31,31,12,0,148.0,127,52,0,143,6,3.162,1.196,0,,0,0,P,
Channing Austi,24,694537,Maj-NL,minors,"NYM (A,A+)",28,19,3,2,105.2,87,41,0,109,3,3.492,1.448,0,,0,0,P,
Nick Brin,24,813752,Maj-NL,minors,"MIA (A,A+)",25,23,8,0,119.0,113,43,0,94,6,3.252,1.311,0,,0,0,P,
Blake Ait,23,820832,Maj-AL,minors,"BOS (A,A+)",30,26,6,0,142.2,121,65,0,136,19,4.1,1.178,0,,0,0,P,
Kade Anderso,21,807739,Maj-AL,minors,SEA (AA),6,6,3,0,30.0,15,2,0,47,1,0.6,0.667,0,,0,0,P,
Ryan Andrad,23,822876,Maj-AL,minors,"TBR (A,A+)",32,23,13,0,132.1,117,48,0,106,6,3.264,1.277,0,,0,0,P,
Jamie Arnol,22,701364,Maj-AL,minors,OAK (AA),8,8,0,0,33.1,46,19,0,42,2,5.13,1.89,0,,0,0,P,
Drew Bea,23,701795,Maj-AL,minors,"KCR (A+,AA)",32,32,8,0,159.1,152,71,0,126,13,4.01,1.218,0,,0,0,P,
Dylan Brow,22,832562,Maj-AL,minors,"BOS (A,A+)",7,7,2,0,32.1,25,11,0,45,0,3.062,1.268,0,,0,0,P,
Aiven Cabra,22,809685,Maj-NL,minors,ATL (A),6,2,5,0,29.0,28,8,0,22,3,2.483,1.241,0,,0,0,P,
Frank Camarill,22,805273,Maj-NL,minors,NYM (A),7,7,0,0,31.0,27,15,0,28,4,4.355,1.226,0,,0,0,P,
Brooks Capl,23,699944,Maj-NL,minors,"CHC (A,A+,AA)",27,27,9,0,123.2,116,55,0,106,7,4.003,1.35,0,,0,0,P,
Austin Cate,23,827110,Maj-AL,minors,"TOR (A,A+,AA)",31,29,9,1,137.2,109,50,0,139,16,3.269,1.119,0,,0,0,P,
Everett Catlet,23,700481,Maj-NL,minors,"COL (A,A+)",37,26,9,0,166.0,159,69,0,179,10,3.741,1.337,0,,0,0,P,
Jurrangelo Cijntj,23,701388,Maj-AL,minors,"SEA (A+,AA)",33,30,7,0,139.2,111,69,0,156,21,4.446,1.282,0,,0,0,P,
Chris Corte,23,700933,Maj-AL,minors,"LAA (A+,AA)",35,31,4,0,135.0,107,63,0,130,6,4.2,1.615,0,,0,0,P,
Aidan Cremaros,22,809093,Maj-AL,minors,TBR (A),6,6,4,0,34.0,22,9,0,49,2,2.382,0.794,0,,0,0,P,
Colin Danie,22,824763,Maj-NL,minors,ATL (A+),7,7,2,0,32.0,23,19,0,33,7,5.344,1.156,0,,0,0,P,
Braden Davi,23,801078,Maj-NL,minors,"STL (A,A+,AA)",32,29,5,0,139.0,90,55,0,187,9,3.561,1.288,0,,0,0,P,
Jaron DeBerr,23,809229,Maj-NL,minors,"MIL (A,A+,AA)",29,26,6,0,129.0,124,68,0,134,13,4.744,1.38,0,,0,0,P,
Ryan DeSant,22,823756,Maj-AL,minors,CLE (CPX),2,1,1,0,8.0,2,1,0,12,0,1.125,0.5,0,,0,0,P,
Jason Doktorczy,23,822503,Maj-AL,minors,"MIN (A,A+)",30,17,6,0,116.1,119,70,0,112,15,5.415,1.384,0,,0,0,P,
Joseph Dzierw,22,804530,Maj-AL,minors,BAL (A+),7,7,4,0,35.2,18,8,0,44,2,2.019,0.757,0,,0,0,P,
Daniel Eage,23,811666,Maj-NL,minors,"ARI (A+,AA)",30,30,7,0,147.0,101,62,0,190,20,3.796,1.129,0,,0,0,P,
Riley Eikhof,24,694408,Maj-AL,minors,CHW (A),8,7,1,0,36.1,41,21,0,36,6,5.202,1.431,0,,0,0,P,
Greg Faron,24,805661,Maj-NL,minors,"SFG (A,A+,AA)",30,30,6,0,131.0,123,69,0,153,18,4.74,1.351,0,,0,0,P,
Luke Gabrys,23,826939,Maj-NL,minors,"PHI (A,A+)",28,25,7,0,103.1,92,47,0,96,10,4.094,1.277,0,,0,0,P,
Andres Gala,22,800883,Maj-AL,minors,"TBR (A,A+,CPX)",28,17,8,0,116.2,105,42,0,88,7,3.24,1.269,0,,0,0,P,
Ryan Gallaghe,23,801594,Maj-NL,minors,"CHC (A+,AA,AAA)",31,31,9,0,150.2,143,68,0,164,20,4.062,1.248,0,,0,0,P,
Davian Garci,22,807485,Maj-NL,minors,"WSN (A,A+,AA)",29,27,6,0,121.0,95,47,0,108,10,3.496,1.455,0,,0,0,P,
Sam Garci,24,822760,Maj-NL,minors,"MIL (A,A+,AA)",35,15,6,3,111.2,100,58,0,121,15,4.675,1.406,0,,0,0,P,
Austin Gordo,23,803135,Maj-AL,minors,"LAA (A+,AA)",28,28,5,0,117.2,113,67,0,117,17,5.125,1.317,0,,0,0,P,
R.J. Gordo,24,822161,Maj-NL,minors,"NYM (A,A+,AA)",30,25,11,0,134.0,127,59,0,155,17,3.963,1.291,0,,0,0,P,
Payton Graha,22,804979,Maj-NL,minors,STL (CPX),2,2,0,0,6.0,3,1,0,9,0,1.5,0.833,0,,0,0,P,
Aidan Haug,23,815063,Maj-AL,minors,TBR (A),7,7,2,0,33.2,53,31,0,38,8,8.287,1.752,0,,0,0,P,
Griffin Herrin,23,702622,Maj-NL,minors,"COL (A,A+,AA,CPX)",27,25,10,0,128.1,76,30,0,161,5,2.104,1.013,0,,0,0,P,
Ben Hes,23,696292,Maj-AL,minors,"NYY (A+,AA)",25,25,8,0,112.1,73,41,0,154,4,3.285,1.131,0,,0,0,P,
John Holobet,23,827292,Maj-NL,minors,"MIL (A,A+,AA)",29,25,9,0,151.1,140,58,0,150,15,3.449,1.123,0,,0,0,P,
Thatcher Hur,23,695765,Maj-AL,minors,NYY (CPX),2,2,0,0,7.2,1,0,0,7,0,0.0,0.652,0,,0,0,P,
Fisher Jameso,23,701404,Maj-NL,minors,"COL (A,A+)",48,7,9,1,127.1,125,42,0,112,9,2.969,1.217,0,,0,0,P,
Eli Jone,23,801796,Maj-AL,minors,"MIN (A,A+,AA)",33,27,4,0,145.1,148,77,0,129,5,4.768,1.328,0,,0,0,P,
Gage Jum,23,695611,Maj-AL,minors,"OAK (A+,AA,AAA)",34,32,9,0,143.2,122,60,0,178,11,3.759,1.225,0,,0,0,P,
Jackson Ken,23,800600,Maj-NL,minors,"WSN (A+,AA)",30,30,8,0,148.2,129,71,0,161,17,4.298,1.17,0,,0,0,P,
Jacob Kmat,23,695771,Maj-AL,minors,"TBR (A,A+)",34,19,5,4,126.2,142,71,0,107,13,5.045,1.421,0,,0,0,P,
Justin Lamki,22,703610,Maj-AL,minors,"KCR (A+,AA)",7,7,2,0,33.2,22,8,0,45,3,2.139,1.069,0,,0,0,P,
Ryan Magdi,26,678163,Maj-AL,minors,"OAK (A,A+)",35,16,6,0,109.2,106,42,0,112,8,3.447,1.195,0,,0,0,P,
Niko Mazz,24,695789,Maj-NL,minors,"SFG (A,A+)",28,25,5,1,119.1,82,30,0,125,4,2.263,1.291,0,,0,0,P,
Blake Morga,23,834581,Maj-AL,minors,TBR (CPX),2,2,1,0,10.1,11,3,0,9,0,2.613,1.161,0,,0,0,P,
Austin Newto,22,813282,Maj-NL,minors,COL (A),7,7,1,0,31.0,45,21,0,26,5,6.097,1.806,0,,0,0,P,
Braylon Owen,23,823182,Maj-NL,minors,MIL (A+),7,3,1,1,31.1,21,12,0,46,2,3.447,1.181,0,,0,0,P,
Caedmon Parke,23,696488,Maj-AL,minors,CHW (A),7,7,0,0,29.2,24,9,0,31,2,2.73,1.213,0,,0,0,P,
Dalton Penc,23,701717,Maj-AL,minors,"TEX (A,A+,AA)",37,24,4,0,111.2,80,34,0,136,8,2.74,1.021,0,,0,0,P,
JT Quin,22,802411,Maj-AL,minors,BAL (A+),7,7,2,0,29.1,25,10,0,38,2,3.068,1.227,0,,0,0,P,
Dominick Rei,22,805255,Maj-NL,minors,CHC (A),8,8,1,0,34.1,26,11,0,37,2,2.883,1.078,0,,0,0,P,
Xavier Riva,23,814392,Maj-AL,minors,"NYY (A,A+,AA,CPX)",26,22,8,0,109.0,67,45,0,149,10,3.716,1.202,0,,0,0,P,
Christian Rodrigue,24,691010,Maj-AL,minors,BAL (A),7,6,2,0,30.1,29,10,0,39,2,2.967,1.352,0,,0,0,P,
Freddy Rodrigue,22,809934,Maj-NL,minors,CHC (CPX),3,0,1,1,7.1,6,5,0,10,1,6.136,1.364,0,,0,0,P,
Michael Ros,23,828374,Maj-AL,minors,"MIN (A,A+)",29,19,6,0,103.0,87,39,0,91,9,3.408,1.204,0,,0,0,P,
Jonathan Santucc,23,695558,Maj-NL,minors,"NYM (A+,AA)",32,30,9,0,150.0,119,56,0,180,12,3.36,1.187,0,,0,0,P,
Brett Sear,26,822412,Maj-NL,minors,"ATL (A,A+,AA,AAA)",30,26,12,0,146.0,112,57,0,154,18,3.514,1.041,0,,0,0,P,
Travis Smit,23,695605,Maj-NL,minors,"MIL (A,A+)",31,27,10,0,131.0,113,49,0,97,6,3.366,1.153,0,,0,0,P,
Nate Snea,22,805422,Maj-AL,minors,LAA (A+),6,6,2,0,29.1,27,11,0,34,1,3.375,1.125,0,,0,0,P,
Shea Spragu,23,801873,Maj-AL,minors,"BOS (A,A+,AA)",27,11,5,0,115.0,110,58,0,110,12,4.539,1.313,0,,0,0,P,
Khal Stephe,23,701590,Maj-AL,minors,"CLE (A,A+,AA)",29,28,11,1,136.0,111,43,0,147,8,2.846,1.088,0,,0,0,P,
Sam Stuh,23,702023,Maj-AL,minors,OAK (A),32,19,9,1,128.0,135,84,0,122,15,5.906,1.461,0,,0,0,P,
Tyler Switalsk,23,802000,Maj-NL,minors,"SFG (A,A+)",31,10,10,0,128.0,100,55,0,123,7,3.867,1.164,0,,0,0,P,
Yoel Tejeda Jr,22,701347,Maj-NL,minors,"WSN (A,A+)",25,25,4,0,119.2,106,57,0,111,7,4.287,1.279,0,,0,0,P,
Brandt Thompso,23,825576,Maj-NL,minors,"STL (A,A+,AA)",29,24,5,0,132.0,113,54,0,125,19,3.682,1.114,0,,0,0,P,
Jackson Wentwort,23,695741,Maj-AL,minors,"TOR (A+,AA)",32,32,6,0,149.2,144,76,0,133,16,4.57,1.37,0,,0,0,P,
John Wes,24,802482,Maj-NL,minors,ARI (A+),27,24,6,0,127.2,106,75,0,123,16,5.287,1.269,0,,0,0,P,
Justin Wes,22,804892,Maj-AL,minors,NYY (A),7,7,1,0,29.2,38,23,0,41,4,6.978,1.753,0,,0,0,P,
Gage Zieh,23,695721,Maj-AL,minors,"NYY (A,A+,AA)",28,27,8,0,135.2,158,69,0,121,12,4.577,1.327,0,,0,0,P,
Max Bank,23,822514,Maj-AL,minors,CHW (A),8,8,2,0,38.0,34,6,0,34,2,1.421,1.053,0,,0,0,P,
Jordan Gottesma,23,831149,Maj-NL,minors,SFG (A),7,6,2,0,30.0,22,8,0,32,4,2.4,1.067,0,,0,0,P,
Braylon Dought,20,815785,Maj-AL,minors,"CLE (A,A+)",29,29,1,0,108.1,108,41,0,123,8,3.406,1.274,0,,0,0,P,
Ryan Drombosk,23,823804,Maj-NL,minors,"PHI (A,A+,AA)",29,20,11,0,113.2,96,43,0,108,5,3.405,1.205,0,,0,0,P,
Kenny Serw,28,690162,Maj-AL,minors,"DET (A+,AA)",34,29,10,0,142.1,133,70,0,103,4,4.426,1.377,0,,0,0,P,
Logan Tabelin,24,805841,Maj-NL,minors,"LAD (A,A+)",33,20,9,1,113.0,91,46,0,145,2,3.664,1.407,0,,0,0,P,
Wei-En Li,20,827734,Maj-AL,minors,"OAK (A,A+,AA)",33,20,6,0,121.0,92,43,0,160,10,3.198,1.017,0,,0,0,P,
Tanner Gilli,25,828705,Maj-NL,minors,"MIL (A,A+,AA)",29,15,3,2,115.1,101,36,0,89,6,2.809,1.11,0,,0,0,P,
Hunter Dryde,24,827500,Maj-NL,minors,"SFG (A,A+)",27,26,5,0,115.1,85,38,0,130,5,2.965,1.223,0,,0,0,P,
Charlie McDanie,24,826052,Maj-NL,minors,"SFG (A,A+)",29,18,10,1,126.1,113,47,0,123,12,3.348,1.132,0,,0,0,P,
Lucas Elissal,21,827640,Maj-AL,minors,"DET (A,A+)",29,23,5,0,117.0,94,41,0,133,8,3.154,1.231,0,,0,0,P,
Boston Batema,20,815348,Maj-NL,minors,"SDP (A,A+)",27,24,6,0,113.2,118,53,0,127,2,4.196,1.496,0,,0,0,P,
Grant Umberge,24,802359,Maj-AL,minors,"CHW (A,A+)",33,24,13,0,138.2,124,50,0,150,8,3.245,1.197,0,,0,0,P,
Trey Gregory-Alfor,20,807281,Maj-AL,minors,"LAA (A,CPX)",24,22,7,0,108.0,93,32,0,98,5,2.667,1.222,0,,0,0,P,
Josiah Rome,20,812559,Maj-AL,minors,"OAK (A,CPX)",19,15,1,0,62.2,101,64,0,47,2,9.191,2.186,0,,0,0,P,
Dylan Jorda,20,813335,Maj-AL,minors,"LAA (A,CPX)",26,26,5,0,108.2,93,36,0,127,6,2.982,1.252,0,,0,0,P,
Alistair Tanne,19,816305,Maj-AL,minors,"DET (A,CPX)",17,11,2,0,51.0,59,41,0,41,7,7.235,1.745,0,,0,0,P,
Troy Guthri,20,816142,Maj-AL,minors,"TOR (A,CPX)",19,10,3,0,74.0,61,27,0,64,7,3.284,0.986,0,,0,0,P,
Ethan Dorchie,19,828475,Maj-NL,minors,"MIL (A,A+,CPX)",26,18,1,4,110.1,90,49,0,116,9,3.997,1.215,0,,0,0,P,
David Shield,19,815789,Maj-AL,minors,"KCR (A,A+,CPX)",26,26,6,0,106.1,84,30,0,122,7,2.539,1.025,0,,0,0,P,
Tyler Ren,19,815868,Maj-NL,minors,"MIL (A,CPX)",25,18,4,0,104.2,82,38,0,99,9,3.268,1.232,0,,0,0,P,
Jhon Almont,19,829383,Maj-AL,minors,"LAA (CPX,DSL)",13,13,2,0,55.1,58,33,0,42,1,5.367,1.572,0,,0,0,P,
Berny Orti,20,829397,Maj-AL,minors,"BOS (CPX,DSL)",13,11,1,0,45.0,33,23,0,46,1,4.6,1.267,0,,0,0,P,
Cristhian Duart,17,832311,Maj-AL,minors,TOR (DSL),12,12,3,0,44.2,43,30,0,32,4,6.045,1.41,0,,0,0,P,
Leandro Rodrigue,20,832318,Maj-NL,minors,"SFG (CPX,DSL)",18,8,4,0,47.0,26,15,0,53,2,2.872,1.0,0,,0,0,P,
Kevin Martine,17,830427,Maj-NL,minors,COL (DSL),10,10,6,0,46.0,43,11,0,40,5,2.152,1.087,0,,0,0,P,
Gensi Angele,18,832399,Maj-NL,minors,"ATL (CPX,DSL)",12,6,2,0,44.2,31,14,0,33,4,2.821,1.007,0,,0,0,P,
Deiker Pined,20,833484,Maj-AL,minors,"TOR (CPX,DSL)",15,7,5,2,46.2,44,20,0,34,2,3.857,1.307,0,,0,0,P,
Jesus A. Castr,19,827463,Maj-NL,minors,"SDP (A,DSL)",17,14,3,0,68.2,56,24,0,71,2,3.146,1.107,0,,0,0,P,
Williams Monter,18,829881,Maj-AL,minors,"BOS (CPX,DSL)",12,12,1,0,46.0,40,18,0,41,0,3.522,1.217,0,,0,0,P,
Carlos Galind,17,829902,Maj-NL,minors,MIL (DSL),11,5,4,0,46.1,46,21,0,28,2,4.079,1.252,0,,0,0,P,
Juan Garc\xc3\xad,17,830467,Maj-NL,minors,STL (DSL),12,10,4,0,47.2,48,18,0,38,0,3.399,1.091,0,,0,0,P,
Jose Puell,18,829131,Maj-NL,minors,ARI (DSL),11,8,4,0,47.2,40,14,0,13,3,2.643,1.385,0,,0,0,P,
Joan Pen,18,829877,Maj-NL,minors,"MIL (CPX,DSL)",12,6,4,0,49.2,44,20,0,51,1,3.624,1.289,0,,0,0,P,
Christopher Corder,17,829935,Maj-AL,minors,"BOS (CPX,DSL)",13,9,0,0,45.1,29,10,0,35,2,1.985,1.235,0,,0,0,P,
Diustin Mayorqui,18,829944,Maj-NL,minors,"MIL (CPX,DSL)",13,5,2,2,52.2,45,13,0,57,0,2.222,1.006,0,,0,0,P,
Daniel Gentil,16,830008,Maj-AL,minors,CLE (DSL),12,11,3,0,48.0,37,15,0,40,1,2.812,1.25,0,,0,0,P,
Leonel Murriet,18,831046,Maj-AL,minors,HOU (DSL),12,8,3,0,48.1,38,15,0,28,4,2.793,1.138,0,,0,0,P,
Chase Bentle,19,828230,Maj-NL,minors,MIL (CPX),2,0,1,0,7.1,3,2,0,9,1,2.455,1.227,0,,0,0,P,
Ma'Kale Holde,19,829204,Maj-NL,minors,MIL (CPX),2,1,1,0,9.0,4,1,0,11,0,1.0,1.0,0,,0,0,P,
Jarrette Bone,20,806426,Maj-NL,minors,MIL (A),7,7,1,0,31.0,28,17,0,33,6,4.935,1.387,0,,0,0,P,
Aaron Watso,19,826209,Maj-NL,minors,CIN (CPX),2,0,1,0,8.0,8,1,0,11,0,1.125,1.25,0,,0,0,P,
Kaleb Win,19,832453,Maj-NL,minors,CHC (CPX),2,2,0,0,8.2,6,4,0,14,2,4.154,0.808,0,,0,0,P,
Luke LaCours,19,834241,Maj-AL,minors,LAA (CPX),3,2,0,0,9.1,16,7,0,7,1,6.75,2.143,0,,0,0,P,
Camden Lohma,19,834242,Maj-NL,minors,NYM (CPX),2,2,0,0,7.2,6,2,0,12,0,2.348,1.304,0,,0,0,P,
Jacob Johnso,20,835375,Maj-AL,minors,TEX (CPX),2,2,0,0,7.0,6,3,0,10,0,3.857,1.143,0,,0,0,P,
Ethan Stor,22,833401,Maj-AL,minors,TBR (A),7,6,2,0,30.0,38,24,0,28,2,7.2,1.7,0,,0,0,P,
Brody Fowle,22,703415,Maj-NL,minors,ATL (CPX),2,2,0,0,9.1,7,5,0,9,3,4.821,1.071,0,,0,0,P,
Derek Vartania,22,826933,Maj-NL,minors,ATL (A),6,6,1,0,32.0,29,13,0,39,4,3.656,1.188,0,,0,0,P,
Kendry Garci,22,837215,Maj-AL,minors,CHW (CPX),2,2,0,0,7.0,3,1,0,7,0,1.286,1.0,0,,0,0,P,
Erick Lea,30,612797,Maj-AL,minors,NYY (AAA),28,26,8,0,126.2,115,79,0,133,28,5.613,1.366,0,,0,0,P,
Trey Supa,30,657022,Maj-AL,minors,"TEX (AA,AAA)",35,34,11,0,171.0,153,75,0,165,13,3.947,1.187,0,,0,0,P,
Curtis Taylo,29,668954,Maj-NL,minors,STL (AAA),31,24,10,1,137.1,112,49,0,118,14,3.211,1.187,0,,0,0,P,
