Name,mlbID,Lev,Tm,Age,G,GS,W,SV,IP,H,ER,BB,SO,HR,ERA,WHIP,BF,SO/W,SB,PO,team_abbr
Jason Adam,592094,Maj-NL,San Diego,33,1,0,,,1.1,0,0,0,2,0,0.0,0.0,5,,0,0,
Jorge Alcala,660896,Maj-AL,Minnesota,29,1,0,,,1.0,0,0,0,3,0,0.0,0.0,3,,0,0,MIN
Sandy Alcantara,645261,Maj-NL,Miami,29,1,1,1.0,,5.0,3,2,0,4,1,3.6,0.6,18,,1,0,MIA
Logan Allen,671106,Maj-AL,Cleveland,26,1,1,,,5.1,7,4,5,1,1,6.75,2.25,24,0.2,0,0,CLE
Ian Anderson,666120,Maj-AL,Los Angeles,27,1,0,,,1.0,0,0,0,2,0,0.0,0.0,3,,0,0,LAA
Lake Bachar,669199,Maj-NL,Miami,30,1,0,,,1.0,0,0,0,0,0,0.0,0.0,3,,0,0,MIA
Anthony Banda,607455,Maj-NL,Los Angeles,31,1,0,1.0,,1.0,1,0,1,1,0,0.0,2.0,5,1.0,0,0,LAD
Scott Barlow,605130,Maj-NL,Cincinnati,32,1,0,,,1.0,1,0,1,0,0,0.0,2.0,5,0.0,0,0,CIN
Shane Baz,669358,Maj-AL,Tampa Bay,26,1,1,1.0,,6.0,7,0,0,10,0,0.0,1.167,23,,0,0,TB
Jalen Beeks,656222,Maj-NL,Arizona,31,1,0,,,1.2,0,0,0,1,0,0.0,0.0,5,,0,0,ARI
Anthony Bender,669622,Maj-NL,Miami,30,1,0,,1.0,0.2,0,0,0,0,0,0.0,0.0,2,,0,0,MIA
Jos\xc3\xa9 Berr\xc3\xados,621244,Maj-AL,Toronto,31,1,1,,,5.2,4,2,3,8,0,3.18,1.235,22,2.67,1,0,TOR
Beau Brieske,689225,Maj-AL,Detroit,27,1,0,,,1.1,0,1,1,1,0,6.75,0.75,5,1.0,0,0,DET
Corbin Burnes,669203,Maj-NL,Arizona,30,1,1,,,4.1,4,2,3,8,2,4.15,1.615,21,2.67,1,0,ARI
Joey Cantillo,676282,Maj-AL,Cleveland,25,1,0,,,2.0,2,1,2,1,0,4.5,2.0,11,0.5,3,0,CLE
Danny Coulombe,543056,Maj-AL,Minnesota,35,1,0,,,1.0,0,0,0,0,0,0.0,0.0,3,,0,0,MIN
Fernando Cruz,518585,Maj-AL,New York,35,1,0,,,2.0,0,0,0,4,0,0.0,0.0,6,,0,0,NYY
Omar Cruz,678316,Maj-NL,San Diego,26,1,0,,,1.0,0,0,0,1,0,0.0,0.0,3,,0,0,
Jhonathan D\xc3\xadaz,646242,Maj-AL,Seattle,28,1,0,,,1.1,1,0,0,1,0,0.0,0.75,5,,0,0,SEA
Brandon Eisert,685126,Maj-AL,Chicago,27,1,0,,,0.2,1,1,0,1,0,13.5,1.5,3,,0,0,CWS
Fraser Ellard,686642,Maj-AL,Chicago,27,1,0,,,1.1,0,0,1,1,0,0.0,0.75,4,1.0,0,0,CWS
Mason Englert,669438,Maj-AL,Tampa Bay,25,1,0,,,2.0,1,0,0,2,0,0.0,0.5,7,,0,0,TB
Nathan Eovaldi,543135,Maj-AL,Texas,35,1,1,1.0,,9.0,4,0,0,8,0,0.0,0.444,30,,0,0,TEX
Jeremiah Estrada,669093,Maj-NL,San Diego,26,1,0,,,1.0,0,0,0,0,0,0.0,0.0,3,,0,0,
Caleb Ferguson,657571,Maj-NL,Pittsburgh,28,1,0,,,1.0,1,0,1,0,0,0.0,2.0,5,0.0,0,0,PIT
Tyler Ferguson,621053,Maj-AL,Athletics,31,1,0,,,1.1,1,0,0,1,0,0.0,0.75,5,,1,0,
Ryan Fernandez,681676,Maj-NL,St. Louis,27,1,0,,,1.0,2,2,1,0,0,18.0,3.0,5,0.0,0,0,STL
Jose A. Ferrer,678606,Maj-NL,Washington,25,1,0,,,1.2,2,0,1,2,0,0.0,1.8,9,2.0,0,0,WSN
Mason Fluharty,689254,Maj-AL,Toronto,23,1,0,,,1.0,1,0,0,1,0,0.0,1.0,4,,0,0,TOR
Ian Gibaut,664139,Maj-NL,Cincinnati,31,1,0,,,1.1,0,0,0,1,0,0.0,0.0,5,,1,0,CIN
Logan Gilbert,669302,Maj-AL,Seattle,28,1,1,,,5.0,5,3,1,10,0,5.4,1.2,21,10.0,1,0,SEA
Chad Green,643338,Maj-AL,Toronto,34,1,0,1.0,,0.1,0,0,0,1,0,0.0,0.0,1,,0,0,TOR
Tom Harrington,802419,Maj-NL,Pittsburgh,23,1,1,,,4.0,7,6,4,2,1,13.5,2.75,23,0.5,1,0,PIT
Brent Headrick,687396,Maj-AL,New York,27,1,0,,,0.2,1,0,0,1,0,0.0,1.5,3,,0,0,NYY
Ryan Helsley,664854,Maj-NL,St. Louis,30,1,0,,,1.0,0,0,0,1,0,0.0,0.0,3,,0,0,STL
Kyle Hendricks,543294,Maj-AL,Los Angeles,35,1,1,,,6.0,7,2,0,4,1,3.0,1.167,24,,2,0,LAA
Ronny Henriquez,678692,Maj-NL,Miami,25,1,0,,,2.0,1,0,0,2,0,0.0,0.5,7,,0,0,MIA
Daysbel Hern\xc3\xa1ndez,678226,Maj-NL,Atlanta,28,1,0,,,1.0,0,0,0,0,0,0.0,0.0,3,,0,0,ATL
Tim Hill,657612,Maj-AL,New York,35,1,0,,,0.1,2,2,0,0,0,54.0,6.0,3,,0,0,NYY
Porter Hodge,687863,Maj-NL,Chicago,24,1,0,,,1.0,0,0,1,0,0,0.0,1.0,3,0.0,0,0,CHC
Jeff Hoffman,656546,Maj-AL,Toronto,32,1,0,,1.0,1.0,0,0,0,1,0,0.0,0.0,3,,0,0,TOR
Kenley Jansen,445276,Maj-AL,Los Angeles,37,1,0,,,1.0,0,0,0,1,0,0.0,0.0,3,,0,0,LAA
Griffin Jax,643377,Maj-AL,Minnesota,30,1,0,,,1.0,2,0,0,2,0,0.0,2.0,5,,0,0,MIN
Pierce Johnson,572955,Maj-NL,Atlanta,34,1,0,,,1.0,1,0,0,2,0,0.0,1.0,4,,2,0,ATL
Ryan Johnson,696270,Maj-AL,Los Angeles,22,1,0,1.0,,1.0,2,0,1,0,0,0.0,3.0,6,0.0,0,0,LAA
Ben Joyce,690829,Maj-AL,Los Angeles,24,1,0,,,1.0,1,0,0,0,0,0.0,1.0,5,,0,0,LAA
Tommy Kahnle,592454,Maj-AL,Detroit,35,1,0,,1.0,1.0,0,0,0,0,0,0.0,0.0,4,,0,0,DET
Bryan King,687911,Maj-AL,Houston,28,1,0,,,1.0,0,0,0,3,0,0.0,0.0,4,,0,0,HOU
Michael King,650633,Maj-NL,San Diego,30,1,1,1.0,,5.0,2,0,1,11,0,0.0,0.6,19,11.0,0,0,
Jared Koenig,657649,Maj-NL,Milwaukee,31,1,0,,,1.0,0,0,1,0,0,0.0,1.0,5,0.0,0,0,MIL
Max Kranick,668820,Maj-NL,New York,27,1,0,,,3.0,0,0,0,1,0,0.0,0.0,9,,0,0,NYM
Justin Lawrence,664875,Maj-NL,Pittsburgh,30,1,0,,,1.0,0,0,1,2,0,0.0,1.0,4,2.0,0,0,PIT
Kyle Leahy,681517,Maj-NL,St. Louis,28,1,0,,,2.0,0,0,0,1,0,0.0,0.0,6,,0,0,STL
Jordan Leasure,673929,Maj-AL,Chicago,26,1,0,,,1.0,2,2,0,2,1,18.0,2.0,5,,0,0,CWS
Dylan Lee,669276,Maj-NL,Atlanta,30,1,0,,,1.0,0,0,0,0,0,0.0,0.0,3,,0,0,ATL
Mark Leiter Jr.,643410,Maj-AL,New York,34,1,0,,,0.1,1,3,2,1,1,81.0,9.0,4,0.5,0,0,NYY
Matthew Liberatore,669461,Maj-NL,St. Louis,25,1,1,,,6.0,6,3,0,4,0,4.5,1.0,22,,0,0,STL
Sam Long,669674,Maj-AL,Kansas City,29,1,0,,,1.2,1,0,0,1,0,0.0,0.6,5,,0,0,KC
Jorge L\xc3\xb3pez,605347,Maj-NL,Washington,32,1,0,,,1.0,0,0,1,2,0,0.0,1.0,5,2.0,0,0,WSN
Michael Lorenzen,547179,Maj-AL,Kansas City,33,1,1,,,5.1,5,3,3,7,1,5.06,1.5,24,2.33,1,0,KC
Justin Martinez,679885,Maj-NL,Arizona,23,1,0,,,1.0,0,0,0,3,0,0.0,0.0,3,,0,0,ARI
Yuki Matsui,673513,Maj-NL,San Diego,29,1,0,,,0.2,0,0,2,2,0,0.0,3.0,4,1.0,0,0,
Dustin May,669160,Maj-NL,Los Angeles,27,1,1,,,5.0,1,0,3,6,0,0.0,0.8,18,2.0,0,0,LAD
Garrett McDaniels,680729,Maj-AL,Los Angeles,25,1,0,,,0.1,1,2,2,1,0,54.0,9.0,4,0.5,0,0,LAA
T.J. McFarland,519008,Maj-AL,Athletics,36,1,0,,,0.1,2,1,0,0,0,27.0,6.0,3,,0,0,
Trevor Megill,656730,Maj-NL,Milwaukee,31,1,0,,,1.0,0,0,0,2,0,0.0,0.0,3,,0,0,MIL
Julian Merryweather,657240,Maj-NL,Chicago,33,1,0,,,0.1,0,0,0,0,0,0.0,0.0,1,,0,0,CHC
Shelby Miller,571946,Maj-NL,Arizona,34,1,0,1.0,,1.0,0,0,0,0,0,0.0,0.0,3,,0,0,ARI
Casey Mize,663554,Maj-AL,Detroit,28,1,1,1.0,,5.2,1,0,3,6,0,0.0,0.706,20,2.0,0,0,DET
Mason Montgomery,682254,Maj-AL,Tampa Bay,25,1,0,,,1.0,1,0,0,3,0,0.0,1.0,4,,0,0,TB
Penn Murfee,682171,Maj-AL,Chicago,31,1,0,,,0.0,4,3,0,0,0,inf,,5,,0,0,CWS
Steven Okert,595345,Maj-AL,Houston,33,1,0,,,1.2,1,0,0,2,0,0.0,0.6,6,,0,0,HOU
Adam Ottavino,493603,Maj-AL,New York,39,1,0,,,0.2,0,0,1,1,0,0.0,1.5,3,1.0,1,0,NYY
Chad Patrick,694477,Maj-NL,Milwaukee,26,1,1,,,4.2,3,0,3,5,0,0.0,1.286,20,1.67,0,0,MIL
Joel Payamps,606303,Maj-NL,Milwaukee,31,1,0,,,1.0,1,0,0,1,0,0.0,1.0,4,,0,0,MIL
Ryan Pressly,519151,Maj-NL,Chicago,36,1,0,,1.0,1.0,1,0,0,0,0,0.0,1.0,3,,0,0,CHC
A.J. Puk,640462,Maj-NL,Arizona,30,1,0,,1.0,1.0,1,1,0,2,1,9.0,1.0,4,,0,0,ARI
Yariel Rodr\xc3\xadguez,684320,Maj-AL,Toronto,28,1,0,,,1.0,1,1,1,1,0,9.0,2.0,5,1.0,0,0,TOR
Taylor Rogers,573124,Maj-NL,Cincinnati,34,1,0,,,0.2,0,0,1,0,0,0.0,1.5,3,0.0,0,0,CIN
Tyler Rogers,643511,Maj-NL,San Francisco,34,1,0,,,1.0,2,0,0,1,0,0.0,2.0,5,,0,0,SF
Chris Roycroft,688297,Maj-NL,St. Louis,28,1,0,,,1.0,2,2,1,0,0,18.0,3.0,6,0.0,1,0,STL
Chris Sale,519242,Maj-NL,Atlanta,36,1,1,,,5.0,4,3,0,5,1,5.4,0.8,21,,0,0,ATL
Cole Sands,663485,Maj-AL,Minnesota,27,1,0,,,1.0,1,0,0,1,0,0.0,1.0,4,,0,0,MIN
Dennis Santana,642701,Maj-NL,Pittsburgh,29,1,0,,,1.0,2,1,0,0,0,9.0,2.0,4,,0,0,PIT
Gregory Santos,666619,Maj-AL,Seattle,25,1,0,,,1.0,1,0,0,0,0,0.0,1.0,4,,1,0,SEA
John Schreiber,670167,Maj-AL,Kansas City,31,1,0,,,1.0,1,1,0,0,1,9.0,1.0,4,,0,0,KC
Tanner Scott,656945,Maj-NL,Los Angeles,30,1,0,,1.0,1.0,0,0,0,0,0,0.0,0.0,3,,0,0,LAD
Tayler Scott,605463,Maj-AL,Houston,33,1,0,,,1.1,1,0,1,2,0,0.0,1.5,6,2.0,0,0,HOU
Kodai Senga,673540,Maj-NL,New York,32,1,1,,,5.0,3,2,1,8,1,3.6,0.8,20,8.0,0,0,NYM
Luis Severino,622663,Maj-AL,Athletics,31,1,1,,,6.0,6,5,3,6,2,7.5,1.5,28,2.0,0,0,
Paul Sewald,623149,Maj-AL,Cleveland,35,1,0,,,0.2,1,0,0,1,0,0.0,1.5,3,,0,0,CLE
Lucas Sims,608371,Maj-NL,Washington,31,1,0,,,0.1,0,0,0,0,0,0.0,0.0,1,,0,0,WSN
Shane Smith,681343,Maj-AL,Chicago,25,1,1,,,5.2,2,2,4,3,0,3.18,1.059,22,0.75,0,0,CWS
Gabe Speier,642100,Maj-AL,Seattle,30,1,0,,,1.0,0,0,0,2,0,0.0,0.0,3,,0,0,SEA
Carson Spiers,686730,Maj-NL,Cincinnati,27,1,1,,,6.0,3,1,2,5,1,1.5,0.833,23,2.5,0,0,CIN
Justin Steele,657006,Maj-NL,Chicago,29,1,1,1.0,,6.2,7,4,1,6,2,5.4,1.2,28,6.0,0,0,CHC
Justin Sterner,686993,Maj-AL,Athletics,28,1,0,,,1.1,0,0,0,1,0,0.0,0.0,4,,0,0,
Trent Thornton,663423,Maj-AL,Seattle,31,1,0,,,0.2,1,1,0,0,1,13.5,1.5,3,,0,0,SEA
Blake Treinen,595014,Maj-NL,Los Angeles,37,1,0,,,1.0,1,0,0,1,0,0.0,1.0,4,,1,0,LAD
Abner Uribe,682842,Maj-NL,Milwaukee,25,1,0,1.0,,1.1,0,0,0,1,0,0.0,0.0,4,,0,0,MIL
Louis Varland,686973,Maj-AL,Minnesota,27,1,0,1.0,,1.0,1,1,0,2,1,9.0,1.0,4,,0,0,MIN
Anthony Veneziano,685107,Maj-NL,Miami,27,1,0,,,0.1,1,0,1,0,0,0.0,6.0,3,0.0,0,0,MIA
Alex Vesia,681911,Maj-NL,Los Angeles,29,1,0,,,1.0,0,0,0,2,0,0.0,0.0,3,,0,0,LAD
Will Vest,676684,Maj-AL,Detroit,30,1,0,,,1.0,0,0,0,0,0,0.0,0.0,3,,0,0,DET
Ryan Walker,676254,Maj-NL,San Francisco,29,1,0,,1.0,1.0,0,0,0,0,0,0.0,0.0,3,,0,0,SF
Will Warren,701542,Maj-AL,New York,26,1,1,,,5.0,1,2,4,4,1,3.6,1.0,19,1.0,0,0,NYY
Logan Webb,657277,Maj-NL,San Francisco,28,1,1,1.0,,7.0,5,1,0,6,1,1.29,0.714,23,,0,0,SF
Joey Wentz,666214,Maj-NL,Pittsburgh,27,1,0,,,1.0,0,0,0,0,0,0.0,0.0,3,,0,0,PIT
Hayden Wesneski,669713,Maj-AL,Houston,27,1,1,,,5.0,2,3,3,6,1,5.4,1.0,21,2.0,0,0,HOU
Trevor Williams,592866,Maj-NL,Washington,33,1,1,,,5.0,10,3,0,3,0,5.4,2.0,23,,0,0,WSN
Bryse Wilson,669060,Maj-AL,Chicago,27,1,0,,,0.1,1,0,1,0,0,0.0,6.0,3,0.0,0,0,CWS
Simeon Woods Richardson,680573,Maj-AL,Minnesota,24,1,1,,,4.0,5,2,1,5,0,4.5,1.5,17,5.0,0,0,MIN
Ryan Zeferjahn,666171,Maj-AL,Los Angeles,27,1,0,,1.0,0.2,0,0,0,1,0,0.0,0.0,2,,0,0,LAA
